id,med_num_br,pct_larg_house_occup,pct_rec_immig5,pct_born_same_state,pct_rec_immig10,pct_rec_immig8,pct_b_sor_more,med_fam_inc,pct_larg_house_fam,own_occ_med_val,violent_crimes_per_pop
0,0.0,0.15,0.01,0.88,0.01,0.02,0.14,0.18,0.18,0.1,0.62
1,0.5,0.24,0.08,0.51,0.08,0.09,0.65,0.76,0.21,0.61,0.01
2,0.0,0.34,0.04,0.65,0.04,0.04,0.27,0.2,0.39,0.09,0.67
3,0.0,0.65,1.0,0.37,1.0,1.0,0.34,0.33,0.7,0.68,0.34
4,0.0,0.31,0.3,0.57,0.26,0.28,0.49,0.23,0.45,0.12,0.33
5,0.5,0.22,0.03,0.79,0.02,0.02,0.43,0.59,0.22,0.49,0.03
6,0.0,0.14,0.04,0.6,0.03,0.03,0.17,0.24,0.15,0.17,0.12
7,0.0,0.08,0.52,0.56,0.4,0.47,0.97,0.27,0.15,0.16,0.09
8,0.0,0.13,0.03,0.86,0.06,0.05,0.2,0.34,0.14,0.3,0.14
9,0.5,0.33,0.03,0.52,0.06,0.05,0.2,0.4,0.34,0.19,0.23
10,0.0,0.11,0.1,0.79,0.1,0.12,0.3,0.38,0.13,0.31,0.25
11,0.0,0.25,0.92,0.22,0.9,0.82,0.3,0.37,0.28,0.23,0.39
12,0.0,0.97,0.68,0.57,0.69,0.65,0.09,0.18,0.93,0.13,0.31
13,0.5,0.1,0.24,0.51,0.24,0.26,0.57,0.58,0.12,0.61,0.22
14,0.0,0.19,0.02,0.84,0.01,0.02,0.13,0.13,0.22,0.05,0.55
15,0.5,0.17,0.09,0.82,0.08,0.08,0.39,0.49,0.17,0.38,0.15
16,0.5,0.19,0.75,0.23,0.74,0.78,0.91,0.97,0.17,0.98,0.02
17,0.0,0.0,0.97,0.13,0.89,0.87,0.61,0.29,0.06,0.98,1.0
18,0.5,0.28,0.13,0.8,0.12,0.14,0.12,0.2,0.36,0.03,0.49
19,0.5,0.16,0.0,0.67,0.0,0.0,0.23,0.29,0.15,0.11,0.02
20,0.5,0.19,0.1,0.73,0.06,0.08,0.62,0.42,0.18,0.14,0.05
21,0.5,0.12,0.0,0.85,0.01,0.0,0.24,0.21,0.14,0.04,0.3
22,0.5,0.19,0.25,0.7,0.17,0.2,0.37,0.46,0.19,0.41,0.01
23,0.5,0.32,0.03,0.77,0.02,0.03,0.31,0.19,0.37,0.08,0.53
24,0.5,0.27,0.04,0.86,0.06,0.06,0.37,0.5,0.23,0.39,0.02
25,0.5,0.15,0.13,0.64,0.13,0.14,0.77,0.55,0.15,0.19,0.1
26,0.5,0.23,0.07,0.78,0.05,0.06,0.22,0.43,0.22,0.24,0.12
27,0.5,0.33,0.2,0.51,0.26,0.25,0.6,0.85,0.29,0.9,0.06
28,0.0,0.39,0.7,0.55,0.57,0.61,0.12,0.21,0.47,0.18,0.38
29,0.5,0.13,0.03,0.02,0.03,0.03,0.2,0.26,0.12,0.17,0.08
30,0.5,0.63,0.13,0.58,0.15,0.11,0.15,0.57,0.59,0.53,0.25
31,0.5,0.13,0.03,0.9,0.05,0.03,0.37,0.29,0.16,0.13,0.05
32,0.5,0.16,0.01,0.9,0.01,0.01,0.09,0.19,0.18,0.02,0.03
33,0.0,0.33,0.12,0.79,0.13,0.12,0.29,0.25,0.35,0.12,0.71
34,0.5,0.27,0.12,0.44,0.13,0.12,0.55,0.73,0.25,0.53,0.04
35,0.5,0.14,0.08,0.52,0.05,0.06,0.22,0.25,0.17,0.13,0.1
36,0.5,0.12,0.01,0.88,0.01,0.01,0.34,0.31,0.12,0.11,0.01
37,0.5,0.23,0.08,0.52,0.05,0.07,0.3,0.35,0.23,0.14,0.12
38,0.0,0.17,0.63,0.15,0.6,0.6,0.81,0.74,0.2,0.59,0.4
39,0.5,0.39,0.02,0.87,0.02,0.02,0.35,0.04,0.45,0.07,0.33
40,0.5,0.28,0.05,0.74,0.05,0.05,0.64,0.72,0.24,0.56,0.04
41,0.0,0.06,0.08,0.54,0.07,0.08,0.43,0.4,0.06,0.27,0.06
42,0.0,0.36,0.35,0.54,0.44,0.37,0.37,0.28,0.46,0.27,0.53
43,0.5,0.24,0.01,0.88,0.02,0.01,0.28,0.5,0.2,0.2,0.01
44,0.0,0.27,0.5,0.52,0.57,0.57,0.33,0.5,0.32,0.81,0.12
45,0.5,0.19,0.1,0.91,0.06,0.07,0.31,0.28,0.21,0.1,0.0
46,0.0,0.08,0.0,0.59,0.01,0.01,0.09,0.2,0.07,0.23,0.04
47,0.5,0.14,0.07,0.55,0.06,0.06,0.2,0.23,0.13,0.09,0.07
48,0.5,0.15,0.16,0.62,0.11,0.13,1.0,0.7,0.13,0.28,0.01
49,0.5,0.45,0.08,0.23,0.08,0.09,0.21,0.24,0.41,0.13,0.1
50,0.5,0.18,0.24,0.5,0.21,0.25,0.88,0.93,0.16,0.69,0.04
51,0.5,0.14,0.06,0.76,0.05,0.06,0.3,0.36,0.16,0.25,0.22
52,0.0,0.2,0.08,0.61,0.14,0.1,0.28,0.22,0.26,0.17,0.45
53,0.5,0.45,0.21,0.83,0.2,0.18,0.21,0.16,0.49,0.06,0.35
54,0.0,0.14,0.09,0.49,0.09,0.09,0.19,0.31,0.16,0.2,0.18
55,0.0,0.22,0.08,0.84,0.08,0.08,0.23,0.13,0.25,0.02,0.29
56,0.5,0.12,0.0,0.87,0.01,0.01,0.17,0.2,0.12,0.06,0.4
57,0.0,0.2,0.48,0.36,0.57,0.54,0.57,0.54,0.26,0.91,0.38
58,0.5,0.19,0.02,0.62,0.06,0.04,0.12,0.29,0.2,0.19,0.1
59,0.5,0.09,0.03,0.59,0.02,0.03,0.32,0.24,0.09,0.09,0.24
60,0.5,0.19,0.06,0.84,0.04,0.05,0.33,0.42,0.19,0.13,0.14
61,0.5,0.2,0.0,0.74,0.0,0.0,0.16,0.33,0.17,0.1,0.07
62,0.5,0.23,0.02,0.6,0.03,0.02,0.31,0.35,0.27,0.19,0.21
63,0.5,0.4,0.05,0.61,0.05,0.04,0.35,0.25,0.46,0.07,0.14
64,0.5,0.19,0.14,0.17,0.15,0.15,0.26,0.28,0.19,0.12,0.25
65,0.5,0.17,0.0,0.99,0.0,0.0,0.18,0.2,0.21,0.03,0.05
66,0.0,0.16,0.07,0.35,0.08,0.07,0.3,0.23,0.18,0.11,0.63
67,0.0,0.4,0.84,0.39,0.97,0.96,0.25,0.34,0.46,0.52,0.84
68,0.5,0.21,0.0,0.73,0.0,0.0,0.08,0.18,0.22,0.04,0.04
69,0.5,0.2,0.01,0.84,0.01,0.01,0.26,0.21,0.23,0.05,0.02
70,0.5,0.49,0.15,0.68,0.33,0.22,0.14,0.23,0.48,0.03,0.07
71,0.0,0.75,0.72,0.58,0.6,0.71,0.12,0.15,0.74,0.13,0.55
72,0.0,0.37,0.12,0.24,0.12,0.12,0.33,0.32,0.42,0.18,0.3
73,0.5,0.11,0.06,0.65,0.05,0.04,0.41,0.31,0.11,0.41,0.15
74,0.5,0.13,0.06,0.73,0.06,0.07,0.47,0.52,0.13,0.17,0.03
75,0.5,0.14,0.03,0.65,0.03,0.03,0.27,0.21,0.15,0.04,0.37
76,0.0,0.19,0.06,0.59,0.06,0.06,0.15,0.2,0.23,0.07,0.22
77,0.0,0.18,0.08,0.56,0.07,0.09,0.53,0.4,0.23,0.34,0.59
78,0.0,0.35,0.21,0.72,0.19,0.19,0.29,0.27,0.38,0.13,0.5
79,0.0,0.16,0.08,0.85,0.09,0.07,0.26,0.29,0.19,0.09,0.18
80,0.5,0.21,0.18,0.79,0.16,0.17,0.4,0.42,0.24,0.16,0.15
81,0.5,0.16,0.02,0.68,0.03,0.02,0.7,0.55,0.17,0.22,0.1
82,0.0,0.17,0.07,0.65,0.06,0.06,0.47,0.25,0.23,0.13,0.72
83,0.0,0.11,0.23,0.35,0.16,0.19,0.56,0.3,0.14,0.14,0.16
84,0.0,0.07,0.01,0.61,0.05,0.03,0.24,0.25,0.07,0.09,0.12
85,0.0,0.15,0.42,0.54,0.4,0.42,0.53,0.64,0.15,0.46,0.12
86,0.5,0.12,0.08,0.63,0.1,0.1,0.4,0.47,0.12,0.37,0.19
87,0.5,0.36,0.76,0.37,0.91,0.94,1.0,1.0,0.32,1.0,0.08
88,0.0,0.13,0.07,0.86,0.07,0.08,0.14,0.17,0.14,0.06,0.24
89,0.5,0.24,0.32,0.58,0.29,0.3,0.56,0.58,0.24,0.49,0.09
90,0.0,0.12,0.01,0.81,0.01,0.02,0.16,0.15,0.12,0.05,0.16
91,0.0,1.0,0.63,0.55,0.67,0.64,0.08,0.33,1.0,0.42,0.56
92,0.5,0.09,0.06,0.7,0.06,0.05,0.44,0.3,0.11,0.15,0.15
93,0.0,0.11,0.06,0.78,0.06,0.08,0.25,0.22,0.1,0.08,0.04
94,0.0,0.2,0.02,0.42,0.04,0.02,0.26,0.19,0.24,0.11,0.67
95,0.5,0.16,0.07,0.79,0.05,0.06,0.27,0.29,0.17,0.09,0.1
96,0.5,0.46,0.0,1.0,0.0,0.0,0.16,0.08,0.49,0.04,0.61
97,0.5,0.44,0.61,0.45,0.75,0.72,0.6,0.72,0.4,0.74,0.19
98,0.5,0.12,0.13,0.42,0.11,0.13,0.48,0.42,0.12,0.19,0.09
99,0.0,0.11,0.16,0.47,0.14,0.16,0.66,0.31,0.16,0.14,0.82
100,0.0,0.4,0.49,0.32,0.45,0.48,0.29,0.34,0.43,0.43,0.42
101,0.5,0.28,0.23,0.62,0.16,0.19,0.74,0.44,0.34,0.13,0.02
102,0.0,0.17,0.24,0.62,0.23,0.24,0.49,0.28,0.27,0.14,0.75
103,0.5,0.21,0.03,0.66,0.02,0.03,0.25,0.35,0.21,0.11,0.24
104,0.0,0.2,0.19,0.52,0.18,0.15,0.26,0.23,0.24,0.12,0.2
105,0.0,0.53,0.38,0.53,0.44,0.42,0.22,0.29,0.7,0.27,1.0
106,0.0,0.64,0.88,0.37,0.69,0.75,0.12,0.17,0.73,0.08,0.22
107,0.5,0.23,0.25,0.47,0.26,0.26,0.38,0.57,0.22,0.4,0.06
108,0.0,0.15,0.26,0.66,0.23,0.24,0.51,0.21,0.24,0.24,0.19
109,0.5,0.75,0.19,0.84,0.22,0.18,0.1,0.13,0.75,0.0,0.1
110,0.5,0.17,0.08,0.67,0.07,0.07,0.18,0.27,0.18,0.11,0.38
111,0.5,0.22,0.09,0.72,0.09,0.07,0.68,0.83,0.2,0.62,0.04
112,0.5,0.25,0.04,0.8,0.03,0.03,0.31,0.47,0.24,0.35,0.27
113,0.0,0.15,0.29,0.36,0.26,0.3,0.74,0.65,0.16,0.37,0.04
114,0.5,0.15,0.01,0.58,0.03,0.03,0.37,0.52,0.11,0.19,0.08
115,0.5,0.17,0.11,0.75,0.12,0.14,0.59,0.58,0.17,0.42,0.17
116,0.5,0.25,0.09,0.68,0.07,0.08,0.29,0.23,0.3,0.04,0.45
117,0.5,0.1,0.01,0.72,0.02,0.03,0.37,0.42,0.08,0.15,0.12
118,0.5,0.19,0.03,0.42,0.03,0.03,0.41,0.31,0.19,0.16,0.29
119,0.5,0.17,0.01,0.36,0.01,0.01,0.29,0.31,0.16,0.14,0.15
120,0.5,0.13,0.24,0.58,0.24,0.22,0.47,0.58,0.14,0.53,0.14
121,0.5,0.2,0.1,0.69,0.06,0.08,0.21,0.35,0.21,0.13,0.19
122,0.0,0.5,0.82,0.37,0.92,0.88,0.37,0.33,0.68,0.59,0.67
123,0.5,0.19,0.29,0.45,0.23,0.24,0.87,1.0,0.17,0.82,0.04
124,0.5,0.18,0.01,0.98,0.01,0.02,0.13,0.19,0.2,0.02,0.13
125,0.0,0.13,0.5,0.39,0.49,0.54,0.97,0.45,0.2,0.7,0.67
126,0.5,0.22,0.03,0.54,0.04,0.04,0.19,0.27,0.24,0.1,0.19
127,0.0,0.22,0.25,0.16,0.25,0.22,0.2,0.25,0.24,0.14,0.5
128,0.0,0.23,0.13,0.78,0.13,0.14,0.34,0.43,0.25,0.27,0.15
129,0.5,0.16,0.1,0.78,0.07,0.09,0.3,0.39,0.16,0.33,0.37
130,0.5,0.11,0.09,0.5,0.12,0.1,1.0,1.0,0.09,1.0,0.02
131,0.5,0.17,0.04,0.56,0.05,0.03,0.4,0.51,0.17,0.23,0.01
132,0.0,0.08,0.03,0.79,0.02,0.03,0.29,0.26,0.08,0.09,0.21
133,0.0,0.26,0.27,0.56,0.26,0.28,0.33,0.53,0.3,0.44,0.03
134,0.0,0.07,0.03,0.49,0.03,0.04,0.14,0.24,0.09,0.2,0.04
135,0.5,0.1,0.04,0.68,0.03,0.03,0.34,0.38,0.11,0.2,0.2
136,0.5,0.11,0.02,0.76,0.01,0.02,0.36,0.22,0.12,0.08,0.25
137,0.5,0.45,0.42,0.4,0.48,0.44,0.5,0.68,0.43,0.78,0.11
138,0.0,0.1,0.11,0.44,0.14,0.13,0.54,0.34,0.13,0.15,0.13
139,0.0,0.1,0.22,0.58,0.17,0.19,0.62,0.32,0.13,0.12,0.09
140,0.5,0.25,0.08,0.82,0.07,0.07,0.3,0.27,0.26,0.1,1.0
141,0.5,0.27,0.03,0.99,0.04,0.05,0.15,0.32,0.28,0.09,0.03
142,0.0,0.14,0.0,0.69,0.01,0.01,0.32,0.22,0.17,0.07,0.08
143,0.5,0.22,0.08,0.26,0.07,0.08,0.26,0.21,0.23,0.1,0.2
144,0.5,0.21,0.08,0.28,0.16,0.14,0.43,0.21,0.2,0.18,0.34
145,0.0,0.34,0.28,0.29,0.27,0.27,0.31,0.3,0.39,0.15,0.45
146,0.0,0.24,0.49,0.69,0.43,0.47,0.4,0.27,0.27,0.2,0.51
147,0.5,0.17,0.11,0.52,0.11,0.09,0.33,0.39,0.17,0.19,0.15
148,0.5,0.22,0.08,0.81,0.12,0.09,0.48,0.61,0.2,0.41,0.05
149,0.0,1.0,0.39,0.71,0.37,0.36,0.1,0.01,1.0,0.01,0.52
150,0.0,0.34,0.07,0.77,0.15,0.1,0.23,0.27,0.36,0.09,0.24
151,0.5,0.27,0.09,0.52,0.1,0.09,0.2,0.23,0.3,0.08,0.18
152,0.5,0.24,0.16,0.66,0.15,0.15,0.3,0.55,0.24,0.5,0.04
153,0.5,0.3,0.17,0.28,0.16,0.17,0.27,0.34,0.32,0.18,0.34
154,0.0,0.24,0.03,0.82,0.05,0.06,0.18,0.17,0.28,0.03,1.0
155,0.5,0.08,0.05,0.95,0.04,0.06,0.28,0.28,0.07,0.1,0.22
156,0.0,0.17,0.04,0.44,0.03,0.03,0.25,0.24,0.21,0.08,0.12
157,0.5,0.31,0.09,0.78,0.11,0.09,0.2,0.26,0.32,0.08,0.14
158,0.5,0.27,0.16,0.48,0.17,0.18,0.45,0.59,0.27,0.39,0.12
159,0.5,0.18,0.04,0.78,0.06,0.05,0.4,0.41,0.19,0.17,0.06
160,0.5,0.24,0.13,0.78,0.1,0.1,0.25,0.57,0.22,0.49,0.08
161,0.5,0.12,0.05,0.62,0.04,0.04,0.34,0.39,0.1,0.1,0.06
162,0.5,0.15,0.09,0.69,0.09,0.08,0.35,0.47,0.14,0.35,0.26
163,0.5,0.3,0.03,0.71,0.06,0.05,0.42,0.55,0.29,0.34,0.04
164,0.5,0.36,0.01,0.68,0.01,0.01,0.04,0.27,0.36,0.03,0.29
165,0.5,0.15,0.02,0.32,0.03,0.02,0.35,0.29,0.16,0.13,0.08
166,0.0,0.03,0.03,0.77,0.02,0.02,0.27,0.35,0.03,0.12,0.08
167,0.0,0.15,0.01,0.8,0.01,0.01,0.17,0.11,0.18,0.02,0.27
168,0.0,0.18,0.11,0.28,0.12,0.13,0.19,0.19,0.23,0.11,0.26
169,0.5,0.33,0.0,0.92,0.0,0.0,0.21,0.14,0.37,0.06,0.96
170,0.5,0.14,0.12,0.53,0.16,0.15,0.38,0.58,0.13,0.55,0.08
171,0.0,0.17,0.05,0.5,0.04,0.05,0.18,0.24,0.19,0.08,0.1
172,0.0,0.15,0.04,0.76,0.04,0.04,0.22,0.33,0.17,0.12,0.05
173,0.5,0.25,0.13,0.67,0.1,0.12,0.57,0.78,0.23,0.67,0.02
174,0.5,0.11,0.02,0.67,0.02,0.02,0.46,0.48,0.1,0.33,0.05
175,0.0,0.28,0.04,0.77,0.03,0.03,0.2,0.2,0.34,0.08,0.55
176,0.0,0.58,0.52,0.67,0.46,0.51,0.17,0.18,0.69,0.23,0.64
177,0.5,0.19,0.02,0.69,0.05,0.03,0.44,0.56,0.18,0.37,0.04
178,0.0,0.12,0.01,0.72,0.02,0.02,0.24,0.23,0.13,0.06,0.16
179,0.5,0.21,0.01,0.83,0.01,0.02,0.17,0.26,0.22,0.1,0.01
180,0.0,0.35,0.69,0.48,0.63,0.64,0.18,0.34,0.4,0.51,0.7
181,0.5,0.76,0.49,0.61,0.46,0.45,0.17,0.32,0.77,0.47,0.38
182,0.5,0.18,0.01,0.51,0.02,0.03,0.47,0.5,0.15,0.26,0.15
183,0.5,0.09,0.0,0.77,0.0,0.0,0.33,0.35,0.08,0.09,0.01
184,0.5,0.3,0.02,0.88,0.01,0.02,0.21,0.46,0.31,0.28,0.12
185,0.5,0.27,0.06,0.83,0.06,0.06,0.52,0.63,0.26,0.45,0.06
186,0.5,0.24,0.0,0.46,0.0,0.0,0.22,0.4,0.27,0.14,0.27
187,0.0,0.3,0.14,0.67,0.12,0.12,0.28,0.25,0.35,0.11,0.65
188,0.5,0.14,0.19,0.55,0.2,0.19,0.97,0.92,0.12,0.77,0.01
189,0.0,0.07,0.01,0.83,0.01,0.0,0.19,0.25,0.06,0.11,0.45
190,0.0,0.2,0.18,0.43,0.17,0.18,0.34,0.26,0.24,0.1,0.14
191,0.5,0.08,0.01,1.0,0.0,0.01,0.16,0.27,0.07,0.07,0.19
192,0.5,0.18,0.04,0.85,0.05,0.04,0.32,0.36,0.19,0.1,0.07
193,0.5,0.44,0.28,0.5,0.3,0.28,0.33,0.63,0.42,0.62,0.1
194,0.5,0.14,0.03,0.6,0.02,0.03,0.57,0.45,0.14,0.15,0.05
195,0.0,0.23,0.15,0.69,0.2,0.17,0.33,0.17,0.3,0.09,0.72
196,0.5,0.37,0.03,0.83,0.02,0.02,0.28,0.14,0.42,0.08,1.0
197,0.5,1.0,0.39,0.41,0.26,0.31,0.31,0.14,1.0,0.13,0.02
198,0.5,0.26,0.01,0.79,0.02,0.01,0.29,0.17,0.29,0.05,0.24
199,0.0,0.25,0.26,0.75,0.3,0.28,0.46,0.55,0.33,0.48,0.16
200,0.0,0.16,0.05,0.78,0.04,0.04,0.22,0.27,0.17,0.1,0.3
201,0.0,0.03,0.12,0.67,0.14,0.14,0.41,0.33,0.05,0.18,0.12
202,0.5,0.19,0.0,0.6,0.0,0.01,0.16,0.31,0.17,0.14,0.12
203,0.0,0.16,0.13,0.72,0.14,0.13,0.3,0.41,0.17,0.33,0.17
204,0.5,0.21,0.06,0.89,0.05,0.05,0.25,0.4,0.2,0.29,0.18
205,0.0,0.38,0.39,0.51,0.4,0.4,0.18,0.28,0.46,0.36,0.79
206,0.5,0.15,0.1,0.77,0.07,0.08,0.34,0.3,0.18,0.08,0.08
207,0.0,0.35,0.22,0.66,0.29,0.25,0.34,0.25,0.42,0.1,0.63
208,0.5,1.0,1.0,0.46,1.0,1.0,0.1,0.3,1.0,0.39,0.69
209,0.0,0.12,0.03,0.9,0.02,0.03,0.18,0.33,0.14,0.11,0.1
210,0.5,0.24,0.17,0.55,0.13,0.16,0.59,0.77,0.2,0.56,0.01
211,0.5,0.22,0.03,0.78,0.04,0.02,0.33,0.46,0.19,0.15,0.02
212,0.5,0.14,0.03,0.71,0.02,0.03,0.21,0.3,0.15,0.09,0.24
213,0.0,0.11,0.07,0.85,0.08,0.08,0.44,0.24,0.15,0.07,0.03
214,0.0,0.13,0.72,0.15,0.66,0.71,0.8,0.54,0.23,0.61,0.27
215,0.5,0.17,0.13,0.53,0.14,0.14,0.96,0.85,0.19,0.72,0.02
216,0.5,0.67,0.51,0.46,0.55,0.47,0.19,0.42,0.63,0.34,0.16
217,0.5,0.17,0.01,0.95,0.01,0.01,0.08,0.17,0.2,0.05,0.03
218,0.5,0.17,0.04,0.81,0.02,0.03,0.26,0.19,0.19,0.07,0.7
219,0.5,0.51,0.03,0.93,0.05,0.02,0.11,0.1,0.55,0.02,0.29
220,0.5,0.19,0.02,0.1,0.02,0.03,0.3,0.4,0.18,0.34,0.02
221,0.5,0.1,0.01,0.91,0.01,0.01,0.09,0.25,0.1,0.07,0.26
222,0.0,0.52,0.8,0.29,0.84,0.79,0.12,0.13,0.57,0.12,1.0
223,0.5,0.35,0.01,0.85,0.01,0.01,0.15,0.11,0.41,0.05,0.86
224,0.0,0.11,0.17,0.51,0.16,0.16,0.45,0.29,0.14,0.19,0.14
225,0.5,0.28,0.09,0.75,0.11,0.09,0.16,0.13,0.31,0.03,0.28
226,0.5,0.2,0.05,0.85,0.06,0.05,0.43,0.57,0.2,0.35,0.03
227,0.5,0.17,0.1,0.6,0.09,0.09,0.35,0.46,0.16,0.29,0.08
228,0.5,0.21,0.01,0.87,0.03,0.02,0.41,0.56,0.22,0.49,0.03
229,0.5,0.31,0.2,0.53,0.21,0.22,0.19,0.28,0.3,0.13,0.11
230,0.5,0.17,0.03,0.81,0.02,0.02,0.14,0.24,0.17,0.04,0.08
231,0.5,0.22,0.01,0.8,0.01,0.02,0.19,0.3,0.21,0.09,0.01
232,0.0,0.19,0.11,0.77,0.13,0.13,0.41,0.18,0.27,0.1,0.28
233,0.5,0.19,0.02,0.65,0.03,0.03,0.14,0.22,0.19,0.05,0.12
234,0.0,0.27,0.05,0.9,0.04,0.05,0.25,0.15,0.33,0.05,1.0
235,0.0,0.14,0.26,0.68,0.23,0.24,0.68,0.57,0.16,0.55,0.08
236,0.5,0.22,0.04,0.64,0.08,0.07,0.47,0.47,0.2,0.18,0.19
237,0.0,0.13,0.03,0.88,0.03,0.03,0.21,0.23,0.15,0.07,0.17
238,0.5,0.35,0.04,0.8,0.04,0.05,0.12,0.3,0.42,0.17,0.35
239,0.5,0.2,0.07,0.54,0.05,0.05,0.37,0.25,0.22,0.09,0.18
240,0.5,0.24,0.07,0.62,0.09,0.08,0.44,0.53,0.2,0.19,0.14
241,0.5,0.17,0.03,0.98,0.02,0.02,0.1,0.23,0.2,0.09,0.21
242,0.0,0.21,0.31,0.61,0.32,0.32,0.56,0.29,0.3,0.14,0.25
243,0.5,0.19,0.07,0.67,0.08,0.08,0.41,0.54,0.19,0.33,0.09
244,0.0,0.06,0.02,0.06,0.02,0.01,0.4,0.39,0.05,0.43,0.17
245,0.5,0.32,0.14,0.84,0.16,0.17,0.29,0.21,0.36,0.06,0.33
246,0.0,0.07,0.26,0.4,0.22,0.24,0.55,0.39,0.12,0.15,0.18
247,0.0,0.11,0.47,0.42,0.54,0.54,0.76,0.5,0.13,0.68,0.38
248,0.0,0.3,0.72,0.5,0.68,0.72,0.48,0.3,0.46,0.41,0.81
249,0.0,0.35,0.89,0.33,0.84,0.87,0.41,0.43,0.41,0.69,0.14
250,0.5,0.21,0.05,0.83,0.03,0.04,0.18,0.25,0.23,0.04,0.41
251,0.5,0.09,0.13,0.33,0.16,0.17,0.8,0.58,0.08,0.25,0.07
252,0.0,0.21,0.43,0.51,0.51,0.48,0.42,0.34,0.27,0.16,0.17
253,0.5,0.27,0.17,0.46,0.13,0.15,0.29,0.25,0.27,0.1,0.1
254,0.5,0.36,0.9,0.22,0.84,0.88,0.62,0.64,0.36,0.43,0.05
255,0.0,0.11,0.08,0.73,0.06,0.07,0.37,0.2,0.12,0.1,0.33
256,0.5,0.27,0.01,0.68,0.02,0.01,0.38,0.4,0.25,0.13,0.04
257,0.5,0.14,0.03,0.67,0.02,0.02,0.18,0.2,0.16,0.03,0.05
258,0.0,0.01,0.02,0.0,0.02,0.02,0.37,0.28,0.01,0.19,0.15
259,0.5,0.13,0.06,0.77,0.1,0.09,0.58,0.64,0.11,0.44,0.02
260,0.5,0.18,0.17,0.58,0.17,0.18,0.61,0.69,0.18,0.45,0.08
261,0.0,0.79,1.0,0.36,1.0,0.98,0.23,0.27,0.94,0.43,0.86
262,0.5,0.14,0.04,0.48,0.03,0.03,0.25,0.26,0.15,0.09,0.1
263,0.5,0.25,0.04,0.65,0.05,0.05,0.32,0.38,0.26,0.52,0.14
264,0.5,0.11,0.04,0.78,0.02,0.03,0.16,0.18,0.1,0.06,0.03
265,0.5,0.29,0.09,0.76,0.08,0.08,0.14,0.25,0.3,0.07,0.28
266,0.0,0.42,1.0,0.4,1.0,1.0,0.17,0.26,0.49,0.36,0.54
267,0.5,0.17,0.03,0.72,0.06,0.05,0.24,0.18,0.18,0.04,0.3
268,0.5,0.12,0.23,0.32,0.17,0.2,0.7,0.35,0.15,0.18,0.16
269,0.0,0.13,0.39,0.39,0.38,0.39,0.62,0.38,0.2,0.33,0.58
270,0.5,0.09,0.02,0.91,0.02,0.02,0.47,0.42,0.09,0.14,0.02
271,0.0,0.06,0.44,0.36,0.33,0.4,1.0,0.53,0.08,0.34,0.28
272,0.5,0.11,0.03,0.74,0.02,0.03,0.32,0.35,0.11,0.26,0.03
273,0.0,0.21,0.17,0.6,0.25,0.17,0.21,0.28,0.25,0.11,0.32
274,0.5,0.13,0.01,0.83,0.02,0.01,0.42,0.32,0.14,0.12,0.03
275,0.5,0.19,0.02,0.4,0.01,0.01,0.13,0.26,0.2,0.17,0.1
276,0.0,0.25,0.07,0.78,0.06,0.06,0.37,0.23,0.31,0.1,1.0
277,0.0,0.05,0.1,0.14,0.09,0.09,0.37,0.32,0.06,0.23,0.27
278,0.5,0.22,0.11,0.75,0.12,0.12,0.61,0.67,0.2,0.45,0.15
279,0.0,0.71,0.2,0.8,0.23,0.21,0.18,0.09,0.73,0.03,0.14
280,0.0,0.19,0.42,0.54,0.47,0.47,0.54,0.66,0.21,0.54,0.06
281,0.5,0.17,0.12,0.34,0.09,0.11,0.44,0.36,0.17,0.4,0.32
282,0.5,0.41,0.36,0.46,0.33,0.32,0.15,0.26,0.43,0.23,0.36
283,0.5,0.21,0.03,0.56,0.04,0.04,0.7,0.81,0.18,0.51,0.02
284,0.0,0.21,0.34,0.15,0.34,0.32,0.25,0.3,0.25,0.16,0.56
285,0.5,0.21,0.04,0.75,0.03,0.03,0.35,0.49,0.2,0.35,0.08
286,0.0,0.11,0.12,0.21,0.12,0.12,0.33,0.24,0.15,0.14,0.76
287,0.5,0.16,0.17,0.32,0.2,0.19,0.66,0.72,0.18,0.45,0.11
288,0.0,0.17,0.04,0.3,0.05,0.04,0.21,0.19,0.2,0.12,0.09
289,0.0,0.24,0.07,0.67,0.06,0.06,0.47,0.27,0.31,0.18,0.53
290,0.0,0.19,0.83,0.42,0.73,0.79,0.62,0.59,0.23,0.95,0.23
291,0.5,0.17,0.01,0.74,0.03,0.03,0.41,0.4,0.16,0.28,0.01
292,0.5,0.34,0.08,0.82,0.08,0.09,0.7,0.71,0.35,0.58,0.08
293,0.0,0.94,0.25,0.63,0.33,0.3,0.18,0.08,0.96,0.03,0.2
294,0.5,0.12,0.03,0.71,0.04,0.05,0.27,0.39,0.11,0.17,0.26
295,0.0,0.25,0.01,0.52,0.03,0.01,0.15,0.16,0.28,0.06,0.34
296,0.5,0.21,0.02,0.81,0.01,0.02,0.15,0.2,0.22,0.08,0.57
297,0.0,0.11,0.05,0.66,0.04,0.05,0.32,0.2,0.13,0.08,0.18
298,0.5,0.29,0.02,0.85,0.02,0.02,0.44,0.64,0.27,0.49,0.03
299,0.5,0.24,0.0,0.75,0.0,0.0,0.07,0.24,0.23,0.04,0.11
300,0.0,0.15,0.1,0.58,0.1,0.1,0.42,0.29,0.21,0.24,0.18
301,0.0,0.78,1.0,0.3,1.0,1.0,0.13,0.15,0.8,0.26,0.61
302,0.0,0.23,0.28,0.6,0.38,0.39,0.45,0.54,0.26,0.41,0.18
303,0.0,0.23,0.05,0.47,0.06,0.06,0.17,0.14,0.26,0.1,0.93
304,0.5,0.3,0.32,0.46,0.31,0.34,0.5,0.43,0.33,0.35,0.3
305,0.5,0.14,0.05,0.36,0.07,0.07,0.6,0.64,0.14,0.37,0.04
306,0.5,0.1,0.01,0.71,0.01,0.01,0.28,0.35,0.09,0.11,0.11
307,0.5,0.45,0.04,0.92,0.06,0.05,0.32,0.61,0.4,0.45,0.18
308,0.0,1.0,1.0,0.43,1.0,1.0,0.2,0.31,1.0,0.32,0.67
309,0.5,0.24,0.1,0.78,0.07,0.09,0.65,0.67,0.23,0.53,0.02
310,0.0,0.2,0.29,0.58,0.28,0.3,0.43,0.4,0.23,0.5,0.22
311,0.5,0.13,0.07,0.87,0.07,0.07,0.31,0.26,0.15,0.08,0.06
312,0.5,0.22,0.12,0.72,0.11,0.1,0.37,0.59,0.22,0.46,0.02
313,0.5,0.12,0.07,0.41,0.05,0.06,0.42,0.33,0.12,0.27,0.01
314,0.5,0.22,0.34,0.61,0.34,0.34,0.61,0.66,0.23,0.53,0.12
315,1.0,0.22,0.07,0.33,0.08,0.08,0.88,0.91,0.19,0.57,0.01
316,0.0,0.13,0.02,0.62,0.02,0.03,0.19,0.2,0.14,0.06,0.53
317,0.5,0.14,0.4,0.63,0.34,0.38,0.59,0.58,0.16,0.48,0.4
318,0.0,0.27,0.27,0.57,0.24,0.29,0.23,0.25,0.3,0.44,0.19
319,0.0,0.6,0.87,0.41,0.99,0.88,0.19,0.33,0.71,0.61,0.82
320,0.5,0.15,0.05,0.42,0.06,0.06,0.23,0.31,0.15,0.18,0.03
321,0.5,0.24,0.02,0.63,0.04,0.04,0.21,0.31,0.21,0.07,0.14
322,0.0,0.18,0.08,0.82,0.07,0.07,0.22,0.14,0.21,0.03,0.74
323,0.5,0.21,0.2,0.47,0.19,0.24,0.47,0.59,0.23,0.57,0.04
324,0.5,0.28,0.04,0.85,0.05,0.05,0.34,0.53,0.28,0.41,0.07
325,0.5,0.19,0.2,0.61,0.16,0.17,0.54,0.54,0.18,0.15,0.03
326,0.0,0.48,0.67,0.48,0.63,0.63,0.28,0.45,0.53,0.53,0.37
327,0.0,0.41,0.2,0.66,0.24,0.22,0.22,0.3,0.44,0.07,0.23
328,0.5,0.32,0.02,0.89,0.04,0.03,0.25,0.44,0.33,0.34,0.09
329,0.5,0.23,0.1,0.57,0.12,0.1,0.23,0.45,0.24,0.27,0.18
330,0.0,0.11,0.0,0.84,0.01,0.0,0.23,0.14,0.12,0.04,0.23
331,0.5,0.25,0.07,0.74,0.06,0.07,0.34,0.21,0.29,0.09,0.44
332,0.5,0.19,0.17,0.72,0.15,0.16,0.26,0.48,0.2,0.35,0.03
333,0.0,0.4,0.24,0.64,0.31,0.26,0.16,0.27,0.43,0.07,0.51
334,0.5,0.14,0.06,0.81,0.07,0.08,0.49,0.53,0.14,0.17,0.06
335,0.0,0.34,0.03,0.93,0.06,0.04,0.17,0.22,0.37,0.06,0.3
336,0.0,0.04,0.12,0.07,0.09,0.1,0.21,0.24,0.04,0.13,0.26
337,0.0,0.1,0.22,0.56,0.19,0.21,0.66,0.42,0.13,0.21,0.35
338,0.5,0.22,0.1,0.49,0.14,0.14,0.67,0.61,0.21,0.42,0.1
339,0.5,0.36,0.02,0.86,0.03,0.03,0.25,0.11,0.45,0.05,0.29
340,0.0,0.45,0.72,0.46,0.82,0.81,0.38,0.51,0.51,0.79,0.16
341,0.0,0.42,0.64,0.43,0.72,0.69,0.43,0.26,0.58,0.45,1.0
342,0.0,0.24,0.08,0.35,0.09,0.09,0.16,0.17,0.26,0.13,0.42
343,0.0,0.09,0.04,0.78,0.03,0.03,0.33,0.18,0.11,0.06,0.23
344,0.0,0.19,0.04,0.79,0.07,0.06,0.27,0.19,0.22,0.07,0.78
345,0.5,0.31,0.29,0.51,0.28,0.28,0.41,0.65,0.31,0.62,0.26
346,0.0,0.24,0.37,0.2,0.46,0.4,0.28,0.32,0.33,0.22,1.0
347,0.5,0.22,0.08,0.75,0.14,0.12,0.66,0.7,0.22,0.62,0.07
348,0.0,0.27,0.11,0.79,0.14,0.13,0.26,0.15,0.35,0.05,0.64
349,0.5,0.18,0.02,0.85,0.03,0.03,0.12,0.3,0.19,0.1,0.15
350,0.5,0.27,0.04,0.71,0.05,0.05,0.23,0.51,0.24,0.12,0.09
351,0.5,0.29,0.11,0.8,0.09,0.09,0.36,0.49,0.29,0.39,0.11
352,0.5,0.32,0.19,0.57,0.15,0.19,0.62,0.95,0.27,0.76,0.02
353,0.0,0.44,0.76,0.48,0.66,0.7,0.31,0.4,0.53,0.63,0.39
354,0.0,0.19,0.5,0.42,0.57,0.56,0.8,0.62,0.25,1.0,0.14
355,0.0,0.19,0.15,0.62,0.12,0.14,0.51,0.22,0.27,0.14,0.87
356,0.0,0.39,0.56,0.58,0.6,0.59,0.32,0.4,0.46,0.6,0.6
357,0.5,0.24,0.29,0.43,0.24,0.28,0.3,0.27,0.27,0.12,0.11
358,0.0,1.0,0.84,0.48,0.88,0.83,0.07,0.23,1.0,0.38,1.0
359,0.0,0.7,0.99,0.36,0.81,0.87,0.12,0.11,0.8,0.05,0.36
360,0.5,0.2,0.12,0.37,0.11,0.12,0.6,0.63,0.2,0.36,0.08
361,0.5,0.35,0.52,0.23,0.66,0.6,0.6,0.53,0.39,0.24,0.59
362,0.5,0.15,0.01,0.9,0.0,0.0,0.25,0.35,0.16,0.1,0.1
363,0.5,0.1,0.01,0.62,0.02,0.02,0.37,0.38,0.08,0.13,0.11
364,0.0,0.24,0.75,0.54,0.7,0.73,0.5,0.36,0.33,0.42,0.1
365,0.0,0.95,0.8,0.44,0.77,0.83,0.15,0.13,1.0,0.06,0.39
366,0.0,0.34,1.0,0.2,1.0,1.0,0.28,0.21,0.45,0.14,0.75
367,0.5,0.22,0.11,0.69,0.11,0.11,0.61,0.64,0.24,0.32,0.03
368,0.5,0.25,0.05,0.82,0.06,0.06,0.51,0.64,0.23,0.49,0.12
369,0.0,0.31,0.72,0.37,0.85,0.76,0.28,0.39,0.36,0.43,0.12
370,0.5,0.15,0.06,0.79,0.05,0.06,0.27,0.25,0.18,0.1,0.28
371,0.5,0.2,0.06,0.63,0.05,0.06,0.42,0.55,0.19,0.45,0.03
372,0.5,0.22,0.08,0.5,0.07,0.08,0.25,0.22,0.23,0.1,0.25
373,0.0,0.84,0.69,0.51,0.66,0.7,0.14,0.32,0.85,0.53,0.36
374,0.5,0.25,0.07,0.58,0.07,0.08,0.18,0.24,0.26,0.07,0.63
375,0.0,0.73,0.66,0.53,0.83,0.76,0.23,0.24,0.82,0.24,0.65
376,0.0,0.27,0.11,0.43,0.11,0.11,0.26,0.19,0.32,0.14,0.47
377,0.5,0.25,0.02,0.86,0.02,0.02,0.26,0.23,0.27,0.1,0.53
378,0.5,0.19,0.13,0.88,0.11,0.11,0.18,0.19,0.25,0.12,0.18
379,0.0,0.18,0.06,0.62,0.04,0.05,0.09,0.22,0.18,0.06,0.16
380,0.5,0.15,0.02,0.83,0.01,0.01,0.13,0.23,0.17,0.05,0.02
381,0.5,0.2,0.04,0.81,0.04,0.03,0.37,0.3,0.21,0.13,0.35
382,1.0,0.36,0.03,0.77,0.04,0.05,0.6,0.72,0.32,0.51,0.02
383,0.5,0.24,0.11,0.88,0.08,0.09,0.29,0.48,0.24,0.29,0.13
384,0.0,0.07,0.12,0.18,0.09,0.1,0.17,0.22,0.08,0.12,0.19
385,0.0,0.18,0.29,0.84,0.23,0.26,0.16,0.35,0.21,0.39,0.69
386,0.0,0.22,0.02,0.83,0.02,0.02,0.16,0.19,0.24,0.05,0.62
387,0.5,0.12,0.01,0.85,0.01,0.01,0.19,0.19,0.13,0.05,0.09
388,0.0,0.11,0.04,0.74,0.08,0.05,0.34,0.35,0.11,0.24,0.06
389,0.5,0.14,0.0,0.75,0.0,0.0,0.23,0.35,0.13,0.14,0.08
390,0.5,0.19,0.27,0.69,0.24,0.3,0.69,0.71,0.17,0.47,0.09
391,0.5,0.39,0.02,0.39,0.03,0.02,0.28,0.28,0.4,0.12,0.34
392,1.0,0.13,0.36,0.19,0.32,0.35,1.0,1.0,0.12,1.0,0.05
393,0.5,0.13,0.2,0.71,0.19,0.18,0.57,0.49,0.13,0.21,0.17
394,0.5,0.16,0.03,0.7,0.04,0.05,0.2,0.15,0.18,0.05,0.79
395,0.0,0.13,0.02,0.86,0.04,0.03,0.18,0.21,0.13,0.07,0.37
396,0.0,0.23,0.06,0.59,0.06,0.06,0.35,0.28,0.3,0.09,1.0
397,0.0,1.0,0.6,0.54,0.56,0.6,0.12,0.33,1.0,0.49,0.29
398,0.5,0.15,0.15,0.69,0.11,0.13,0.45,0.39,0.15,0.4,0.75
399,0.0,0.41,0.3,0.38,0.35,0.3,0.16,0.13,0.49,0.09,1.0
400,0.5,0.2,0.01,0.88,0.01,0.01,0.35,0.39,0.18,0.11,0.07
401,1.0,0.3,0.19,0.58,0.16,0.18,0.71,0.95,0.26,0.92,0.04
402,0.0,0.5,0.84,0.46,0.86,0.88,0.34,0.28,0.61,0.3,0.83
403,0.5,0.25,0.0,0.86,0.01,0.0,0.29,0.42,0.24,0.37,0.09
404,0.5,0.1,0.13,0.62,0.09,0.11,0.92,0.98,0.1,0.54,0.06
405,0.5,0.39,0.07,0.81,0.08,0.06,0.25,0.25,0.41,0.11,0.27
406,0.5,0.24,0.03,0.64,0.07,0.04,0.58,0.72,0.23,0.57,0.12
407,0.0,0.1,0.45,0.5,0.45,0.47,1.0,0.49,0.12,0.5,0.06
408,0.5,0.07,0.2,0.31,0.16,0.19,0.6,0.52,0.07,0.28,0.03
409,0.5,0.21,0.05,0.53,0.08,0.08,0.22,0.29,0.22,0.09,0.11
410,0.5,0.31,0.3,0.5,0.3,0.33,0.34,0.48,0.3,0.5,0.22
411,0.0,0.12,0.0,0.79,0.01,0.01,0.15,0.3,0.13,0.09,0.07
412,0.0,0.19,0.09,0.42,0.07,0.08,0.24,0.21,0.21,0.1,0.13
413,0.5,0.17,0.06,0.45,0.06,0.06,0.3,0.3,0.18,0.16,0.19
414,0.0,0.15,0.12,0.18,0.11,0.1,0.23,0.25,0.16,0.16,0.41
415,0.5,0.4,0.07,0.87,0.09,0.1,0.14,0.22,0.46,0.12,0.44
416,0.5,0.14,0.13,0.5,0.13,0.14,0.6,0.74,0.13,0.81,0.06
417,0.0,0.22,0.01,0.49,0.01,0.01,0.13,0.16,0.24,0.05,0.27
418,0.5,0.12,0.04,0.64,0.03,0.04,0.26,0.22,0.12,0.1,0.36
419,0.0,0.31,0.24,0.74,0.24,0.24,0.43,0.23,0.38,0.1,0.34
420,0.5,0.18,0.13,0.59,0.15,0.14,0.58,0.69,0.16,0.47,0.07
421,0.5,0.46,0.25,0.41,0.27,0.24,0.43,0.58,0.47,0.67,0.11
422,0.0,0.05,0.06,0.06,0.05,0.05,0.29,0.29,0.05,0.15,0.21
423,0.5,0.16,0.08,0.15,0.13,0.07,0.27,0.3,0.18,0.15,0.24
424,0.0,0.15,0.05,0.68,0.04,0.04,0.47,0.1,0.17,0.06,0.12
425,0.0,0.6,0.55,0.56,0.53,0.51,0.18,0.17,0.64,0.13,0.24
426,0.0,0.56,0.77,0.44,0.78,0.8,0.11,0.28,0.62,0.3,0.5
427,0.0,0.13,0.64,0.62,0.62,0.61,0.24,0.38,0.16,0.51,0.02
428,0.0,0.38,0.57,0.71,0.66,0.69,0.24,0.31,0.46,0.31,0.53
429,0.5,1.0,0.03,0.88,0.03,0.03,0.19,0.27,1.0,0.1,0.04
430,0.0,0.11,0.04,0.95,0.03,0.04,0.33,0.19,0.14,0.04,0.17
431,0.5,0.14,0.04,0.92,0.04,0.04,0.18,0.26,0.16,0.05,0.11
432,0.0,0.22,0.06,0.71,0.05,0.06,0.51,0.38,0.28,0.27,0.19
433,0.5,0.22,0.11,0.36,0.11,0.11,0.29,0.19,0.22,0.09,0.39
434,0.5,0.1,0.08,0.86,0.08,0.09,0.25,0.36,0.1,0.22,0.08
435,0.5,0.59,0.02,0.9,0.02,0.02,0.24,0.14,0.64,0.05,0.23
436,0.5,0.12,0.06,0.66,0.07,0.07,0.34,0.42,0.13,0.17,0.07
437,0.5,0.21,0.02,0.68,0.03,0.03,0.29,0.44,0.2,0.14,0.13
438,0.5,0.17,0.01,0.97,0.02,0.0,0.14,0.24,0.16,0.07,0.06
439,0.5,0.33,0.0,1.0,0.0,0.0,0.16,0.05,0.35,0.04,0.42
440,0.0,0.24,0.49,0.57,0.39,0.41,0.39,0.51,0.29,0.4,0.09
441,0.5,0.35,0.07,0.46,0.1,0.11,0.34,0.44,0.3,0.13,0.06
442,0.0,0.47,0.63,0.48,0.6,0.59,0.36,0.4,0.54,0.78,0.2
443,0.5,0.32,0.05,0.93,0.09,0.08,0.18,0.18,0.34,0.06,0.26
444,0.0,1.0,1.0,0.37,1.0,1.0,0.04,0.19,1.0,0.33,1.0
445,0.0,1.0,1.0,0.3,1.0,1.0,0.02,0.12,1.0,0.38,0.66
446,0.5,0.18,0.15,0.51,0.12,0.14,0.24,0.34,0.19,0.13,0.14
447,0.5,0.18,0.1,0.56,0.1,0.11,0.3,0.39,0.19,0.54,0.29
448,0.0,0.17,0.01,0.82,0.0,0.0,0.23,0.2,0.22,0.04,0.08
449,0.5,0.19,0.02,0.56,0.02,0.03,0.32,0.48,0.19,0.29,0.06
450,0.0,0.64,0.58,0.49,0.59,0.58,0.12,0.18,0.75,0.25,1.0
451,0.0,0.29,0.33,0.53,0.28,0.3,0.25,0.2,0.35,0.09,0.5
452,0.0,0.17,0.06,0.65,0.07,0.08,0.18,0.22,0.21,0.05,0.22
453,0.5,0.32,0.22,0.48,0.21,0.21,0.87,0.95,0.34,0.63,0.28
454,0.0,0.31,1.0,0.24,1.0,1.0,0.46,0.38,0.37,0.95,0.15
455,0.0,0.17,0.05,0.69,0.08,0.06,0.32,0.2,0.2,0.11,0.1
456,0.5,0.23,0.02,0.57,0.02,0.02,0.17,0.31,0.23,0.1,0.08
457,0.0,0.96,1.0,0.49,0.93,1.0,0.15,0.17,0.93,0.14,0.3
458,0.5,0.17,0.02,0.8,0.04,0.02,0.34,0.32,0.19,0.08,0.03
459,0.5,0.18,0.04,0.58,0.04,0.04,0.76,0.85,0.15,0.61,0.18
460,0.5,0.26,0.12,0.75,0.15,0.15,0.67,0.71,0.24,0.46,0.02
461,0.0,0.21,0.04,0.72,0.04,0.04,0.34,0.31,0.25,0.1,0.69
462,0.0,0.08,0.4,0.52,0.3,0.36,0.79,0.24,0.08,0.15,0.34
463,0.5,0.33,0.12,0.73,0.15,0.12,0.2,0.22,0.35,0.05,0.33
464,0.0,0.22,0.14,0.59,0.19,0.15,0.18,0.27,0.23,0.03,0.1
465,0.0,0.11,0.04,0.29,0.05,0.05,0.34,0.23,0.13,0.21,0.6
466,0.5,0.15,0.14,0.52,0.11,0.12,0.38,0.39,0.18,0.26,0.51
467,0.5,0.27,0.07,0.77,0.07,0.08,0.18,0.27,0.27,0.06,0.14
468,0.5,0.11,0.06,0.71,0.06,0.07,0.51,0.54,0.1,0.26,0.07
469,0.5,0.28,0.06,0.79,0.09,0.09,0.76,0.79,0.27,0.65,0.03
470,0.5,0.28,0.06,0.43,0.06,0.06,0.29,0.47,0.28,0.23,0.12
471,0.0,0.15,0.13,0.59,0.1,0.11,0.31,0.21,0.18,0.11,0.91
472,0.0,0.16,0.03,0.64,0.03,0.03,0.26,0.22,0.2,0.09,0.16
473,0.0,0.23,0.22,0.49,0.21,0.21,0.25,0.22,0.28,0.07,0.37
474,0.5,0.23,0.02,0.7,0.02,0.01,0.39,0.49,0.2,0.19,0.06
475,0.5,0.15,0.15,0.58,0.14,0.16,0.85,0.83,0.12,0.55,0.02
476,0.5,0.22,0.08,0.38,0.09,0.08,0.27,0.16,0.22,0.06,0.13
477,0.0,1.0,1.0,0.43,1.0,1.0,0.13,0.19,1.0,0.17,0.39
478,0.5,0.15,0.01,0.87,0.02,0.02,0.22,0.34,0.15,0.12,0.05
479,0.5,0.35,0.05,0.82,0.08,0.07,0.31,0.42,0.38,0.38,0.37
480,0.5,0.12,0.16,0.77,0.14,0.13,0.72,0.68,0.11,0.6,0.04
481,0.0,0.18,0.39,0.38,0.44,0.45,0.5,0.45,0.24,0.72,0.25
482,0.5,0.3,0.02,0.76,0.04,0.05,0.26,0.33,0.29,0.12,0.2
483,0.5,0.19,0.02,0.97,0.01,0.01,0.29,0.27,0.21,0.14,0.06
484,0.5,0.34,0.04,0.87,0.03,0.03,0.2,0.09,0.39,0.04,0.53
485,0.0,0.05,0.08,0.63,0.11,0.09,0.51,0.63,0.05,0.46,0.04
486,0.0,0.28,0.19,0.76,0.19,0.19,0.39,0.24,0.33,0.1,0.47
487,0.0,0.7,0.65,0.48,0.62,0.63,0.2,0.22,0.72,0.16,0.29
488,0.5,0.66,0.32,0.52,0.31,0.31,0.22,0.44,0.61,0.34,0.5
489,0.0,0.16,0.09,0.79,0.09,0.1,0.18,0.39,0.16,0.38,0.14
490,0.5,0.13,0.07,0.42,0.08,0.08,0.48,0.39,0.14,0.19,0.2
491,0.5,0.17,0.01,0.81,0.01,0.01,0.23,0.18,0.2,0.05,0.02
492,0.0,1.0,1.0,0.36,1.0,1.0,0.07,0.21,1.0,0.44,0.54
493,0.5,0.17,0.0,0.51,0.02,0.02,0.48,0.63,0.13,0.27,0.13
494,0.5,0.18,0.02,0.93,0.01,0.01,0.21,0.21,0.19,0.06,0.14
495,0.0,0.1,0.06,0.76,0.08,0.07,0.24,0.43,0.1,0.35,0.1
496,0.0,0.13,0.14,0.5,0.1,0.11,0.56,0.33,0.16,0.26,0.07
497,0.5,0.24,0.04,0.89,0.02,0.03,0.13,0.22,0.25,0.06,0.09
498,0.5,0.18,0.25,0.48,0.26,0.25,0.65,0.67,0.18,0.47,0.06
499,0.5,0.17,0.03,0.82,0.04,0.03,0.29,0.37,0.2,0.2,0.09
500,0.5,0.33,0.09,0.63,0.1,0.09,0.32,0.47,0.37,0.33,0.27
501,0.0,0.43,0.14,0.83,0.13,0.13,0.32,0.18,0.47,0.04,0.34
502,0.5,0.13,0.02,0.71,0.03,0.03,0.32,0.4,0.14,0.13,0.17
503,0.5,0.13,0.08,0.74,0.06,0.08,0.48,0.17,0.15,0.07,0.02
504,0.5,0.19,0.02,0.9,0.04,0.03,0.17,0.22,0.24,0.08,0.08
505,0.5,0.18,0.11,0.72,0.07,0.09,0.63,0.64,0.18,0.43,0.09
506,0.5,0.16,0.01,0.78,0.03,0.01,0.33,0.38,0.16,0.17,0.07
507,0.5,0.2,0.07,0.83,0.06,0.06,0.48,0.45,0.24,0.24,0.1
508,0.5,0.17,0.3,0.38,0.3,0.33,0.64,0.66,0.17,0.59,0.03
509,0.5,0.14,0.04,0.61,0.05,0.05,0.51,0.69,0.12,0.48,0.04
510,0.5,0.22,0.13,0.7,0.11,0.13,0.9,0.9,0.21,0.8,0.02
511,0.5,0.09,0.01,0.8,0.0,0.01,0.25,0.25,0.1,0.06,0.0
512,0.0,0.13,0.01,0.78,0.02,0.02,0.25,0.26,0.12,0.13,0.16
513,0.5,0.21,0.0,0.79,0.0,0.0,0.14,0.07,0.24,0.02,0.44
514,0.5,0.31,0.0,0.75,0.01,0.0,0.29,0.15,0.37,0.06,0.19
515,0.5,0.21,0.05,0.67,0.05,0.05,0.16,0.25,0.23,0.03,0.14
516,0.0,0.21,0.16,0.72,0.13,0.15,0.55,0.2,0.28,0.1,0.53
517,0.0,0.17,0.24,0.73,0.26,0.25,0.12,0.22,0.19,0.3,0.26
518,0.0,0.12,0.15,0.48,0.19,0.19,0.34,0.37,0.15,0.24,0.25
519,0.5,0.91,0.39,0.61,0.41,0.35,0.03,0.21,0.91,0.03,0.21
520,1.0,0.32,0.06,0.32,0.1,0.09,0.52,0.72,0.28,0.58,0.04
521,0.0,0.14,0.03,0.65,0.03,0.03,0.32,0.2,0.18,0.11,0.5
522,0.5,0.62,0.16,0.76,0.19,0.21,0.17,0.15,0.63,0.05,0.19
523,0.5,0.16,0.12,0.86,0.09,0.1,0.18,0.24,0.19,0.13,0.02
524,0.5,0.17,0.02,0.74,0.02,0.02,0.27,0.23,0.19,0.05,0.02
525,0.0,0.31,0.44,0.68,0.46,0.49,0.34,0.43,0.35,0.61,0.3
526,0.5,0.22,0.12,0.29,0.16,0.15,0.67,0.69,0.2,0.37,0.09
527,0.0,0.11,0.04,0.18,0.03,0.04,0.37,0.23,0.13,0.2,0.18
528,0.0,0.4,0.11,0.61,0.08,0.09,0.03,0.15,0.42,0.09,0.62
529,0.5,0.27,0.2,0.47,0.15,0.19,0.22,0.22,0.31,0.08,0.47
530,0.0,0.51,0.42,0.42,0.42,0.38,0.14,0.2,0.56,0.19,0.37
531,0.0,0.13,0.02,0.87,0.01,0.02,0.21,0.23,0.14,0.04,0.06
532,0.0,0.12,0.86,0.36,0.77,0.84,0.89,0.38,0.21,0.71,0.41
533,0.0,0.22,0.11,0.78,0.11,0.12,0.3,0.16,0.25,0.08,0.05
534,0.0,0.1,0.03,0.75,0.02,0.03,0.24,0.23,0.12,0.1,0.78
535,0.5,0.17,0.0,0.84,0.01,0.01,0.2,0.33,0.14,0.12,0.19
536,0.5,0.2,0.22,0.19,0.16,0.19,1.0,0.68,0.13,0.46,0.04
537,0.0,0.14,0.01,0.97,0.01,0.01,0.1,0.1,0.18,0.0,0.29
538,0.5,0.2,0.07,0.44,0.08,0.08,0.28,0.29,0.23,0.11,0.69
539,0.5,0.26,0.02,0.68,0.03,0.03,0.1,0.36,0.25,0.27,0.05
540,0.5,0.29,0.04,0.75,0.04,0.04,0.39,0.27,0.32,0.11,0.35
541,0.5,0.8,0.86,0.44,0.94,0.95,0.32,0.53,0.77,0.61,0.23
542,0.5,0.24,0.62,0.65,0.51,0.53,0.19,0.45,0.23,0.35,0.11
543,0.5,0.28,0.04,0.81,0.03,0.03,0.17,0.36,0.27,0.12,0.1
544,0.0,0.26,0.01,0.77,0.01,0.01,0.14,0.18,0.34,0.05,0.66
545,0.5,0.18,0.25,0.5,0.27,0.27,0.48,0.41,0.19,0.17,0.32
546,0.5,0.24,0.02,0.57,0.02,0.02,0.27,0.36,0.25,0.11,0.17
547,0.5,0.19,0.0,0.65,0.01,0.01,0.48,0.45,0.21,0.17,0.03
548,0.5,0.29,0.16,0.62,0.18,0.17,0.22,0.46,0.28,0.39,0.3
549,0.0,0.06,0.21,0.42,0.19,0.22,1.0,0.85,0.09,0.71,0.15
550,0.0,0.2,0.03,0.88,0.02,0.02,0.28,0.21,0.22,0.11,0.6
551,0.0,0.18,0.14,0.41,0.12,0.13,0.24,0.17,0.23,0.06,0.21
552,0.0,0.08,0.02,0.85,0.02,0.02,0.36,0.26,0.08,0.1,0.27
553,0.0,0.05,0.35,0.06,0.42,0.42,0.21,0.19,0.08,0.15,0.8
554,0.5,1.0,0.04,0.78,0.04,0.04,0.5,0.42,1.0,0.16,0.02
555,0.5,0.17,0.06,0.63,0.06,0.06,0.59,0.55,0.16,0.23,0.03
556,0.0,0.12,0.02,0.7,0.03,0.02,0.22,0.14,0.14,0.03,0.69
557,0.0,0.22,0.83,0.13,0.96,0.88,0.14,0.17,0.28,0.16,0.54
558,0.5,0.19,0.0,0.75,0.02,0.03,0.11,0.26,0.21,0.16,0.07
559,0.0,0.11,0.02,0.84,0.02,0.03,0.2,0.32,0.1,0.24,0.03
560,0.0,0.19,0.38,0.47,0.36,0.35,0.29,0.32,0.23,0.29,0.15
561,0.0,0.19,0.13,0.42,0.15,0.14,0.46,0.29,0.22,0.18,0.66
562,0.5,0.1,0.06,0.74,0.05,0.04,0.27,0.27,0.1,0.11,0.07
563,0.5,0.23,0.04,0.7,0.07,0.05,0.68,0.69,0.19,0.29,0.07
564,0.5,0.22,0.02,0.86,0.02,0.03,0.24,0.45,0.22,0.16,0.05
565,0.5,0.15,0.01,0.82,0.01,0.01,0.19,0.23,0.16,0.05,0.03
566,0.0,0.09,0.09,0.67,0.07,0.07,0.35,0.22,0.1,0.14,0.09
567,0.5,0.32,0.09,0.85,0.11,0.1,0.21,0.19,0.34,0.05,0.48
568,0.5,0.73,1.0,0.36,1.0,1.0,0.28,0.46,0.76,0.6,0.2
569,0.5,0.07,0.12,0.71,0.11,0.12,0.39,0.23,0.08,0.11,0.1
570,0.0,0.09,0.02,0.63,0.03,0.04,0.2,0.12,0.11,0.06,0.36
571,0.0,0.24,0.33,0.43,0.3,0.34,0.22,0.27,0.26,0.4,0.37
572,0.0,0.11,0.03,0.38,0.02,0.03,0.36,0.25,0.13,0.13,0.21
573,0.0,0.29,0.31,0.55,0.28,0.29,0.21,0.32,0.31,0.3,0.49
574,0.0,0.41,0.51,0.35,0.5,0.52,0.27,0.34,0.44,0.41,0.3
575,0.5,0.18,0.39,0.35,0.35,0.38,0.58,0.55,0.2,0.69,0.22
576,0.5,0.18,0.25,0.55,0.2,0.21,0.63,0.41,0.18,0.4,0.04
577,0.5,0.2,0.02,0.83,0.02,0.01,0.46,0.57,0.17,0.21,0.05
578,0.5,0.31,0.01,0.93,0.02,0.01,0.26,0.19,0.33,0.07,0.8
579,0.0,0.12,0.27,0.35,0.31,0.3,0.58,0.41,0.14,0.19,0.13
580,0.5,0.46,0.04,0.71,0.05,0.04,0.13,0.18,0.52,0.08,0.93
581,0.5,0.18,0.07,0.69,0.07,0.07,0.55,0.69,0.17,0.52,0.04
582,0.0,0.13,0.08,0.74,0.17,0.17,0.23,0.42,0.15,0.38,0.08
583,0.5,0.55,0.33,0.53,0.35,0.37,0.45,0.71,0.5,0.75,0.1
584,0.5,0.26,0.06,0.83,0.05,0.05,0.43,0.57,0.27,0.43,0.08
585,0.5,0.19,0.04,0.7,0.04,0.04,0.58,0.6,0.18,0.24,0.05
586,0.5,0.18,0.17,0.71,0.2,0.19,0.34,0.54,0.18,0.45,0.17
587,0.5,0.18,0.05,0.79,0.04,0.04,0.21,0.48,0.17,0.36,0.04
588,0.5,0.25,0.21,0.5,0.39,0.37,0.7,0.68,0.22,0.2,0.09
589,0.5,0.19,0.03,0.78,0.03,0.02,0.25,0.44,0.17,0.15,0.1
590,0.5,0.12,0.02,0.7,0.02,0.02,0.31,0.19,0.13,0.06,0.09
591,0.0,0.17,0.01,0.89,0.01,0.01,0.17,0.17,0.18,0.07,0.21
592,0.0,0.19,0.02,0.75,0.01,0.01,0.14,0.21,0.2,0.08,0.59
593,0.0,0.1,0.02,0.8,0.06,0.07,0.25,0.29,0.12,0.16,0.07
594,0.5,0.17,0.06,0.85,0.04,0.05,0.32,0.41,0.15,0.2,0.07
595,0.5,0.14,0.04,0.77,0.05,0.04,0.36,0.36,0.13,0.13,0.03
596,0.5,0.16,0.01,0.71,0.0,0.0,0.22,0.3,0.15,0.09,0.16
597,0.0,1.0,1.0,0.28,1.0,1.0,0.06,0.15,1.0,0.41,0.62
598,0.5,0.16,0.03,0.95,0.02,0.02,0.16,0.19,0.18,0.07,0.13
599,0.5,0.24,0.03,0.45,0.02,0.03,0.67,0.74,0.22,0.52,0.05
600,0.0,0.27,0.65,0.6,0.59,0.61,0.61,0.63,0.33,0.81,0.15
601,0.0,0.18,0.08,0.55,0.07,0.07,0.49,0.38,0.17,0.13,0.04
602,0.0,0.11,0.02,0.8,0.02,0.02,0.14,0.25,0.12,0.18,0.15
603,0.0,0.12,0.24,0.11,0.28,0.24,0.25,0.32,0.17,0.21,0.34
604,1.0,0.21,0.39,0.27,0.41,0.42,1.0,1.0,0.19,0.77,0.04
605,0.5,0.53,0.2,0.64,0.22,0.22,0.15,0.25,0.64,0.13,0.85
606,0.0,0.15,0.2,0.78,0.15,0.17,0.31,0.23,0.19,0.13,0.12
607,0.5,0.36,0.05,0.54,0.08,0.08,0.28,0.62,0.33,0.41,0.03
608,0.5,0.15,0.3,0.47,0.29,0.29,0.51,0.56,0.14,0.76,0.16
609,0.5,0.18,0.02,0.68,0.05,0.05,0.56,0.62,0.16,0.45,0.09
610,0.0,0.13,0.0,0.72,0.0,0.01,0.17,0.2,0.13,0.07,0.38
611,0.0,0.45,0.59,0.51,0.72,0.69,0.28,0.27,0.6,0.29,1.0
612,0.0,0.18,0.37,0.7,0.29,0.34,0.42,0.49,0.2,0.42,0.21
613,0.0,0.04,0.08,0.1,0.09,0.1,0.23,0.21,0.04,0.07,0.54
614,0.0,1.0,1.0,0.29,1.0,1.0,0.04,0.14,1.0,0.43,0.36
615,0.0,0.09,0.1,0.7,0.08,0.09,0.35,0.29,0.1,0.37,0.18
616,0.5,0.15,0.03,0.95,0.03,0.03,0.15,0.19,0.18,0.05,0.05
617,0.0,0.43,0.67,0.38,0.6,0.62,0.28,0.35,0.49,0.43,0.26
618,0.5,0.19,0.08,0.49,0.08,0.07,0.4,0.44,0.19,0.19,0.11
619,0.5,0.19,0.08,0.71,0.09,0.07,0.35,0.5,0.17,0.15,0.08
620,0.5,0.3,0.09,0.73,0.1,0.1,0.31,0.25,0.35,0.05,0.52
621,0.0,0.28,0.27,0.75,0.26,0.25,0.24,0.32,0.32,0.28,0.2
622,0.5,0.23,0.1,0.48,0.11,0.12,0.27,0.31,0.24,0.11,0.06
623,0.0,0.1,0.12,0.41,0.11,0.12,0.24,0.38,0.13,0.21,0.12
624,0.5,0.23,0.02,0.82,0.01,0.02,0.21,0.35,0.2,0.12,0.07
625,0.5,0.19,0.01,0.4,0.03,0.03,0.74,0.75,0.18,0.49,0.08
626,0.5,0.13,0.01,0.82,0.01,0.01,0.16,0.24,0.13,0.06,0.1
627,0.0,0.03,0.09,0.05,0.08,0.09,0.56,0.44,0.02,0.3,0.26
628,0.5,0.06,0.12,0.45,0.15,0.15,0.98,0.83,0.09,1.0,0.12
629,0.0,0.77,1.0,0.46,1.0,1.0,0.22,0.3,0.79,0.56,0.53
630,0.5,0.24,0.01,0.67,0.0,0.01,0.24,0.2,0.26,0.07,0.28
631,0.5,0.19,0.02,0.81,0.02,0.03,0.28,0.2,0.23,0.05,0.2
632,1.0,0.18,0.06,0.34,0.09,0.09,0.88,0.85,0.14,0.36,0.01
633,0.5,0.18,0.1,0.73,0.09,0.1,0.27,0.26,0.19,0.06,0.43
634,0.0,0.56,0.62,0.58,0.63,0.61,0.3,0.21,0.65,0.16,0.59
635,0.5,0.35,0.21,0.6,0.24,0.23,0.31,0.34,0.38,0.19,0.4
636,0.5,0.39,0.43,0.44,0.37,0.42,0.3,0.34,0.39,0.14,0.09
637,0.0,0.47,0.35,0.42,0.4,0.47,0.16,0.05,0.53,0.06,0.22
638,0.5,0.46,0.09,0.68,0.07,0.08,0.4,0.34,0.47,0.13,0.07
639,0.0,0.7,0.71,0.52,0.7,0.63,0.24,0.2,0.77,0.19,0.23
640,0.0,0.12,0.02,0.71,0.02,0.03,0.22,0.23,0.14,0.06,0.24
641,0.5,0.22,0.04,0.68,0.05,0.06,0.8,0.76,0.19,0.36,0.0
642,0.0,0.17,0.04,0.16,0.05,0.05,0.4,0.5,0.17,0.33,0.09
643,0.0,0.0,0.41,0.47,0.28,0.36,0.94,0.32,0.0,0.19,0.24
644,0.0,0.02,0.22,0.37,0.18,0.2,0.91,0.75,0.05,1.0,0.22
645,0.5,0.33,0.04,0.64,0.04,0.05,0.38,0.39,0.33,0.12,0.13
646,0.5,0.17,0.06,0.36,0.06,0.06,0.28,0.26,0.19,0.13,0.22
647,0.0,0.13,0.13,0.45,0.14,0.15,0.31,0.36,0.16,0.25,0.23
648,0.0,0.19,0.94,0.32,0.87,0.92,0.66,0.52,0.29,0.96,0.17
649,0.5,0.2,0.03,0.63,0.04,0.04,0.14,0.26,0.21,0.08,0.29
650,0.5,0.12,0.02,0.8,0.02,0.02,0.44,0.35,0.15,0.1,0.09
651,0.5,0.09,0.13,0.64,0.09,0.12,0.47,0.26,0.1,0.11,0.15
652,0.5,0.2,0.06,0.71,0.08,0.06,0.23,0.22,0.22,0.13,0.06
653,0.0,0.1,0.47,0.49,0.48,0.5,0.54,0.61,0.14,1.0,0.11
654,1.0,0.19,0.38,0.35,0.4,0.44,1.0,1.0,0.16,1.0,0.04
655,0.5,0.28,0.06,0.77,0.05,0.04,0.37,0.26,0.34,0.1,0.74
656,0.5,0.13,0.12,0.56,0.1,0.12,0.76,0.77,0.12,0.6,0.02
657,0.5,0.1,0.04,0.71,0.04,0.05,0.61,0.52,0.09,0.18,0.01
658,0.5,0.15,0.01,0.81,0.02,0.02,0.21,0.26,0.16,0.13,0.3
659,0.0,0.2,0.03,0.78,0.02,0.02,0.21,0.17,0.22,0.02,0.27
660,0.0,0.09,0.03,0.82,0.03,0.03,0.23,0.25,0.1,0.09,0.26
661,0.0,0.22,0.27,0.55,0.21,0.24,0.17,0.19,0.27,0.14,0.51
662,0.5,0.1,0.08,0.67,0.07,0.09,0.53,0.54,0.09,0.21,0.03
663,0.0,0.19,0.31,0.21,0.26,0.29,0.6,0.39,0.26,0.2,0.23
664,0.5,0.43,0.25,0.63,0.28,0.29,0.34,0.46,0.46,0.33,0.28
665,0.5,1.0,0.02,0.76,0.02,0.02,0.52,0.47,1.0,0.19,0.05
666,0.0,0.14,0.08,0.8,0.08,0.07,0.18,0.19,0.15,0.06,0.42
667,0.0,0.03,0.1,0.0,0.11,0.11,0.62,0.66,0.03,0.68,0.22
668,0.0,0.16,0.02,0.77,0.02,0.02,0.18,0.22,0.18,0.03,0.18
669,0.0,0.17,0.16,0.38,0.15,0.18,0.38,0.31,0.19,0.14,0.12
670,0.5,0.13,0.16,0.41,0.18,0.2,0.98,1.0,0.11,1.0,0.04
671,0.5,0.25,0.08,0.4,0.09,0.09,0.45,0.44,0.24,0.18,0.11
672,0.0,0.19,0.56,0.19,0.64,0.63,0.3,0.27,0.23,0.2,0.48
673,0.5,0.17,0.17,0.52,0.16,0.15,0.53,0.63,0.17,0.53,0.11
674,0.5,0.19,0.01,0.72,0.01,0.01,0.08,0.24,0.18,0.09,0.1
675,0.0,0.21,0.09,0.31,0.08,0.08,0.29,0.17,0.29,0.07,0.81
676,1.0,0.18,0.11,0.56,0.12,0.14,1.0,1.0,0.15,0.81,0.1
677,0.0,0.18,0.09,0.72,0.07,0.08,0.43,0.18,0.26,0.09,0.15
678,0.5,0.14,0.11,0.67,0.12,0.12,0.52,0.53,0.14,0.41,0.07
679,0.5,0.18,0.04,0.68,0.06,0.06,0.18,0.16,0.2,0.03,0.06
680,0.5,0.18,0.09,0.44,0.1,0.1,0.29,0.26,0.18,0.18,0.35
681,0.5,0.49,0.11,0.87,0.25,0.21,0.16,0.23,0.51,0.08,0.11
682,0.5,0.43,0.27,0.56,0.29,0.32,0.28,0.37,0.4,0.34,0.16
683,0.0,0.17,0.04,0.58,0.08,0.08,0.2,0.36,0.18,0.25,0.03
684,0.0,0.18,0.11,0.67,0.08,0.08,0.67,0.42,0.26,0.17,0.31
685,0.0,0.22,0.75,0.35,0.75,0.76,0.6,0.58,0.27,0.92,0.1
686,0.0,0.12,0.15,0.53,0.11,0.13,0.33,0.28,0.13,0.11,0.05
687,0.5,0.08,0.0,0.76,0.03,0.02,0.25,0.39,0.07,0.15,0.05
688,0.0,0.37,0.41,0.57,0.42,0.4,0.33,0.45,0.4,0.56,0.19
689,0.5,0.1,0.01,0.87,0.03,0.02,0.23,0.38,0.09,0.15,0.22
690,0.5,0.16,0.1,0.76,0.1,0.09,0.17,0.4,0.15,0.31,0.14
691,0.0,0.5,0.02,0.87,0.03,0.02,0.18,0.12,0.55,0.03,0.29
692,0.0,0.07,0.66,0.18,0.64,0.67,0.73,0.48,0.1,0.21,0.23
693,1.0,0.19,0.26,0.27,0.25,0.26,0.98,1.0,0.17,1.0,0.01
694,0.5,0.33,0.2,0.27,0.22,0.22,0.42,0.4,0.33,0.19,0.09
695,0.0,0.14,0.04,0.77,0.03,0.04,0.12,0.18,0.16,0.04,0.2
696,0.5,0.16,0.09,0.24,0.09,0.1,0.43,0.29,0.18,0.17,0.21
697,0.5,0.37,0.01,0.78,0.01,0.01,0.08,0.32,0.41,0.11,0.07
698,0.0,0.71,0.77,0.48,0.72,0.75,0.15,0.27,0.75,0.35,0.32
699,0.0,0.21,0.41,0.47,0.46,0.43,0.31,0.42,0.26,0.8,0.53
700,0.0,0.13,0.21,0.61,0.2,0.21,0.2,0.43,0.14,0.36,0.16
701,0.0,0.14,0.02,0.85,0.03,0.03,0.18,0.25,0.16,0.19,0.24
702,0.0,0.93,0.53,0.71,0.5,0.47,0.3,0.1,0.92,0.05,0.2
703,0.0,0.12,0.08,0.59,0.11,0.08,0.41,0.5,0.13,0.4,0.08
704,0.0,0.07,0.1,0.72,0.1,0.1,0.61,0.43,0.09,0.21,0.1
705,0.5,0.3,0.05,0.88,0.06,0.05,0.37,0.56,0.31,0.43,0.17
706,0.0,0.17,0.1,0.73,0.17,0.15,0.34,0.2,0.26,0.11,0.31
707,0.5,0.19,0.11,0.46,0.11,0.1,0.38,0.41,0.2,0.18,0.13
708,0.0,0.37,0.57,0.45,0.64,0.61,0.25,0.41,0.41,0.62,0.21
709,1.0,0.36,0.06,0.46,0.11,0.09,0.77,1.0,0.3,1.0,0.04
710,0.5,0.37,0.26,0.63,0.25,0.26,0.18,0.23,0.38,0.14,0.28
711,0.5,0.1,0.07,0.83,0.06,0.06,0.38,0.44,0.1,0.21,0.13
712,0.5,0.25,0.02,0.86,0.03,0.03,0.6,0.69,0.24,0.53,0.04
713,0.0,0.05,0.07,0.06,0.12,0.11,0.44,0.58,0.05,0.5,0.07
714,0.0,0.83,0.73,0.5,0.75,0.73,0.16,0.36,0.84,0.35,0.48
715,0.5,0.18,0.19,0.82,0.17,0.18,0.33,0.46,0.17,0.45,0.06
716,0.5,0.29,0.02,0.85,0.02,0.02,0.28,0.18,0.33,0.08,0.37
717,0.5,0.34,0.05,0.58,0.06,0.05,0.19,0.32,0.36,0.17,0.37
718,0.5,0.17,0.0,0.78,0.02,0.03,0.24,0.23,0.2,0.08,0.28
719,0.0,0.55,0.73,0.33,0.77,0.73,0.19,0.31,0.68,0.26,0.51
720,0.0,0.19,0.25,0.48,0.17,0.21,0.84,0.41,0.11,0.19,0.01
721,0.0,0.11,0.07,0.47,0.07,0.08,0.28,0.15,0.14,0.08,0.24
722,0.5,0.18,0.38,0.59,0.35,0.36,0.23,0.46,0.17,0.48,0.05
723,0.5,0.22,0.19,0.56,0.16,0.17,0.44,0.58,0.22,0.57,0.13
724,0.0,0.16,0.0,0.9,0.01,0.0,0.13,0.24,0.16,0.06,0.09
725,0.0,0.35,0.82,0.39,0.78,0.79,0.44,0.46,0.47,0.69,0.19
726,0.5,0.36,0.0,0.96,0.0,0.0,0.09,0.11,0.4,0.04,1.0
727,0.0,0.11,0.2,0.37,0.14,0.16,0.66,0.24,0.15,0.12,0.12
728,0.0,0.19,0.25,0.83,0.17,0.2,0.38,0.24,0.19,0.07,0.1
729,0.5,0.11,0.03,0.94,0.02,0.02,0.21,0.39,0.1,0.17,0.06
730,0.0,0.27,0.31,0.66,0.23,0.27,0.21,0.23,0.32,0.26,0.18
731,0.5,1.0,0.02,0.79,0.02,0.02,0.3,0.21,1.0,0.11,0.1
732,0.5,0.27,0.1,0.55,0.08,0.09,0.17,0.3,0.28,0.2,0.1
733,0.0,0.13,0.88,0.41,0.65,0.77,0.8,0.56,0.18,0.45,0.04
734,0.0,0.21,0.64,0.13,0.7,0.68,0.18,0.16,0.29,0.12,0.69
735,0.0,0.34,0.38,0.82,0.3,0.35,0.2,0.13,0.37,0.04,0.25
736,0.5,0.44,0.05,0.55,0.06,0.07,0.41,0.31,0.49,0.11,0.14
737,0.0,0.1,0.11,0.46,0.1,0.11,0.3,0.24,0.13,0.14,0.32
738,0.0,0.07,0.05,0.69,0.03,0.04,0.28,0.24,0.08,0.08,0.3
739,0.5,0.15,0.01,0.76,0.02,0.02,0.21,0.35,0.14,0.06,0.06
740,0.5,0.12,0.07,0.71,0.05,0.06,0.33,0.23,0.12,0.1,0.24
741,0.0,0.14,0.09,0.61,0.06,0.07,0.42,0.21,0.18,0.07,0.05
742,0.5,0.11,0.01,0.8,0.05,0.03,0.3,0.39,0.12,0.15,0.15
743,0.5,0.06,0.06,0.83,0.08,0.08,0.38,0.45,0.05,0.18,0.04
744,0.5,0.24,0.49,0.41,0.45,0.46,0.43,0.55,0.27,0.49,0.11
745,0.5,0.19,0.03,0.48,0.08,0.03,0.23,0.33,0.17,0.12,0.11
746,0.5,0.27,0.22,0.4,0.19,0.19,0.43,0.44,0.28,0.18,0.29
747,0.5,0.3,0.07,0.55,0.09,0.09,0.48,0.69,0.28,0.48,0.03
748,0.5,0.19,0.0,0.83,0.02,0.01,0.33,0.43,0.17,0.35,0.04
749,0.0,0.19,0.18,0.27,0.19,0.19,0.36,0.25,0.26,0.14,0.95
750,0.0,0.06,0.49,0.54,0.35,0.43,0.72,0.26,0.09,0.12,0.11
751,0.0,0.3,0.07,0.4,0.09,0.08,0.18,0.21,0.35,0.1,0.59
752,0.5,0.21,0.03,0.7,0.03,0.04,0.67,0.72,0.18,0.48,0.02
753,0.5,0.16,0.06,0.81,0.06,0.05,0.5,0.27,0.17,0.14,0.05
754,0.0,0.06,0.36,0.19,0.29,0.33,0.97,0.48,0.08,0.29,0.09
755,0.0,0.11,0.03,0.76,0.02,0.03,0.3,0.24,0.13,0.06,0.05
756,0.5,0.19,0.13,0.66,0.1,0.11,0.89,0.82,0.18,0.69,0.06
757,0.0,0.27,0.11,0.77,0.1,0.11,0.41,0.25,0.32,0.09,0.27
758,0.0,0.26,0.08,0.71,0.1,0.08,0.27,0.21,0.29,0.07,0.21
759,0.5,0.67,0.64,0.48,0.55,0.6,0.29,0.42,0.73,0.35,0.65
760,0.0,0.34,0.36,0.41,0.35,0.36,0.17,0.17,0.39,0.06,0.07
761,0.5,0.14,0.02,0.87,0.03,0.01,0.23,0.26,0.16,0.04,0.05
762,0.0,0.5,0.41,0.43,0.35,0.38,0.1,0.14,0.57,0.19,0.26
763,0.5,0.32,0.05,0.53,0.04,0.04,0.32,0.15,0.33,0.1,0.6
764,0.5,0.15,0.04,0.74,0.05,0.05,0.34,0.38,0.13,0.14,0.06
765,0.5,0.2,0.12,0.7,0.12,0.13,0.38,0.61,0.19,0.55,0.02
766,0.5,0.11,0.05,0.51,0.05,0.06,0.51,0.35,0.11,0.09,0.21
767,0.5,0.1,0.02,0.74,0.01,0.02,0.29,0.44,0.1,0.16,0.04
768,0.0,0.08,0.19,0.26,0.22,0.2,0.59,0.52,0.11,0.28,0.26
769,0.0,0.2,0.42,0.77,0.42,0.42,0.31,0.42,0.26,0.41,0.37
770,0.5,0.09,0.02,0.73,0.01,0.02,0.29,0.39,0.09,0.13,0.08
771,0.0,0.1,0.22,0.18,0.25,0.22,0.33,0.41,0.1,0.2,0.13
772,0.5,0.08,0.14,0.55,0.2,0.17,0.58,0.73,0.07,1.0,0.08
773,0.5,0.2,0.06,0.75,0.05,0.05,0.25,0.45,0.19,0.32,0.05
774,0.5,0.15,0.24,0.41,0.23,0.22,1.0,1.0,0.14,1.0,0.05
775,0.5,0.12,0.04,0.75,0.07,0.07,0.53,0.48,0.11,0.26,0.05
776,0.0,0.15,0.08,0.0,0.07,0.08,0.14,0.21,0.16,0.21,0.33
777,0.5,0.19,0.06,0.35,0.08,0.08,0.56,0.47,0.2,0.13,0.1
778,0.5,0.15,0.04,0.37,0.03,0.03,0.23,0.25,0.15,0.1,0.08
779,0.5,0.09,0.04,0.84,0.04,0.04,0.43,0.43,0.08,0.18,0.17
780,0.5,0.21,0.17,0.55,0.15,0.19,0.75,0.98,0.17,0.92,0.02
781,0.0,0.15,0.05,0.6,0.04,0.05,0.46,0.36,0.15,0.21,0.21
782,0.5,0.17,0.14,0.56,0.15,0.16,0.92,0.97,0.15,0.85,0.02
783,0.5,0.21,0.1,0.68,0.14,0.15,0.31,0.57,0.2,0.4,0.06
784,0.5,0.82,0.93,0.44,0.8,0.85,0.13,0.05,0.84,0.06,0.07
785,0.0,0.3,0.38,0.74,0.32,0.33,0.35,0.44,0.35,0.41,0.31
786,0.5,0.21,0.1,0.4,0.08,0.09,0.18,0.21,0.19,0.09,0.34
787,0.5,0.22,0.07,0.62,0.05,0.05,0.24,0.15,0.23,0.09,0.61
788,0.5,0.36,0.03,0.87,0.01,0.02,0.27,0.12,0.41,0.05,0.25
789,0.0,0.22,0.09,0.68,0.12,0.11,0.21,0.35,0.26,0.32,0.23
790,0.5,0.18,0.04,0.65,0.03,0.04,0.3,0.37,0.16,0.09,0.05
791,0.5,0.2,0.1,0.28,0.12,0.12,0.56,0.43,0.18,0.2,0.34
792,0.5,0.13,0.01,0.86,0.01,0.01,0.23,0.21,0.14,0.06,0.11
793,0.5,0.19,0.0,0.84,0.01,0.0,0.18,0.41,0.19,0.18,0.11
794,0.5,0.22,0.25,0.67,0.29,0.29,0.31,0.54,0.22,0.4,0.17
795,0.5,0.8,0.24,0.64,0.34,0.26,0.16,0.08,0.8,0.05,0.12
796,0.0,0.57,0.01,0.96,0.03,0.02,0.15,0.11,0.57,0.03,0.28
797,0.0,0.11,0.0,0.9,0.0,0.0,0.21,0.15,0.12,0.05,0.03
798,0.5,0.46,0.4,0.55,0.41,0.4,0.2,0.46,0.45,0.37,0.49
799,0.0,0.86,0.68,0.48,0.73,0.75,0.19,0.28,0.91,0.41,0.5
800,0.5,0.1,0.03,0.69,0.07,0.05,0.45,0.58,0.1,0.48,0.09
801,0.0,0.16,0.23,0.61,0.21,0.23,0.48,0.54,0.16,0.44,0.08
802,0.5,0.2,0.12,0.17,0.16,0.11,0.33,0.43,0.18,0.19,0.1
803,0.5,0.14,0.0,0.73,0.03,0.01,0.32,0.44,0.13,0.17,0.06
804,0.0,0.19,0.2,0.6,0.17,0.2,0.67,0.37,0.24,0.15,0.26
805,0.5,0.24,0.08,0.71,0.06,0.06,0.28,0.32,0.26,0.09,0.01
806,0.5,0.17,0.01,0.77,0.03,0.02,0.18,0.31,0.16,0.05,0.06
807,0.5,0.1,0.08,0.21,0.07,0.07,0.71,0.5,0.12,0.34,0.36
808,0.0,0.17,0.39,0.65,0.38,0.39,0.19,0.29,0.2,0.26,0.19
809,0.5,0.46,0.05,0.73,0.05,0.05,0.32,0.29,0.53,0.15,0.11
810,0.5,0.13,0.24,0.53,0.2,0.22,0.76,0.69,0.13,0.53,0.09
811,0.5,0.24,0.06,0.64,0.06,0.05,0.22,0.42,0.25,0.24,0.17
812,0.5,0.24,0.47,0.49,0.45,0.49,0.42,0.49,0.26,0.51,0.22
813,0.5,0.24,0.06,0.54,0.06,0.07,0.56,0.61,0.22,0.17,0.08
814,0.5,0.24,0.03,0.46,0.03,0.03,0.7,0.8,0.2,0.52,0.01
815,0.0,0.18,0.23,0.75,0.25,0.25,0.25,0.4,0.21,0.43,0.2
816,0.5,0.34,0.06,0.7,0.06,0.07,0.18,0.39,0.32,0.27,0.04
817,0.5,0.25,0.03,0.85,0.04,0.03,0.35,0.46,0.25,0.36,0.37
818,0.5,0.13,0.09,0.68,0.12,0.13,0.4,0.54,0.13,0.42,0.03
819,0.0,0.19,0.12,0.53,0.09,0.12,0.3,0.23,0.24,0.05,0.07
820,0.5,0.42,0.2,0.81,0.26,0.26,0.16,0.22,0.44,0.06,0.51
821,0.5,0.55,0.62,0.43,0.63,0.63,0.48,0.62,0.55,0.69,0.14
822,0.0,0.27,0.03,0.86,0.02,0.03,0.23,0.18,0.32,0.07,0.34
823,0.0,0.16,0.04,0.67,0.04,0.03,0.16,0.2,0.17,0.03,0.33
824,1.0,0.34,0.4,0.46,0.35,0.4,0.94,1.0,0.29,1.0,0.03
825,0.0,0.04,0.12,0.68,0.1,0.12,0.69,0.42,0.05,0.19,0.15
826,0.0,0.83,0.5,0.62,0.74,0.53,0.04,0.17,0.84,0.04,0.13
827,0.5,0.19,0.1,0.3,0.12,0.13,0.28,0.2,0.17,0.12,0.22
828,0.0,0.19,0.05,0.91,0.1,0.1,0.24,0.22,0.23,0.09,0.31
829,0.0,0.17,0.01,0.81,0.01,0.01,0.18,0.2,0.19,0.06,0.16
830,0.5,0.2,0.01,0.57,0.02,0.01,0.22,0.21,0.22,0.08,0.62
831,0.0,0.38,0.38,0.53,0.34,0.34,0.2,0.17,0.59,0.23,0.85
832,0.0,0.38,0.03,0.93,0.02,0.02,0.12,0.19,0.42,0.1,0.55
833,0.0,0.37,0.21,0.45,0.15,0.18,0.19,0.17,0.41,0.06,0.13
834,0.0,0.11,0.61,0.15,0.57,0.6,0.27,0.28,0.16,0.19,0.66
835,0.5,0.26,0.1,0.86,0.07,0.08,0.29,0.39,0.27,0.21,0.06
836,0.5,0.2,0.02,0.78,0.02,0.02,0.35,0.48,0.18,0.19,0.03
837,0.0,0.31,0.38,0.36,0.34,0.37,0.54,0.33,0.49,0.29,1.0
838,0.5,0.12,0.08,0.65,0.07,0.07,0.51,0.6,0.13,0.41,0.06
839,0.5,0.21,0.05,0.8,0.06,0.07,0.22,0.18,0.24,0.08,0.51
840,0.5,0.11,0.06,0.73,0.05,0.05,0.31,0.24,0.11,0.1,0.19
841,0.0,0.26,0.1,0.3,0.11,0.11,0.49,0.59,0.29,0.26,0.05
842,0.5,0.34,0.08,0.79,0.09,0.08,0.38,0.6,0.33,0.41,0.01
843,0.5,0.17,0.08,0.61,0.08,0.08,0.7,0.74,0.15,0.53,0.01
844,0.0,0.06,1.0,0.4,0.94,1.0,0.91,0.39,0.07,0.65,0.25
845,0.5,0.22,0.04,0.91,0.04,0.05,0.2,0.21,0.26,0.09,0.12
846,0.5,0.17,0.02,0.55,0.02,0.02,0.22,0.33,0.15,0.1,0.06
847,0.0,0.15,0.11,0.77,0.09,0.09,0.24,0.16,0.19,0.02,0.13
848,0.5,0.13,0.01,0.97,0.02,0.02,0.25,0.33,0.16,0.08,0.1
849,0.0,0.13,0.06,0.82,0.04,0.05,0.2,0.19,0.16,0.04,0.06
850,0.5,0.78,0.37,0.55,0.39,0.39,0.14,0.36,0.77,0.3,0.57
851,0.0,0.08,0.14,0.59,0.09,0.11,0.48,0.16,0.14,0.09,0.08
852,0.5,0.13,0.01,0.82,0.01,0.01,0.3,0.21,0.16,0.07,0.49
853,0.5,0.87,0.84,0.49,0.74,0.75,0.14,0.31,0.89,0.33,0.54
854,0.5,0.16,0.1,0.48,0.1,0.1,0.84,0.72,0.14,0.35,0.05
855,0.0,0.12,0.02,0.82,0.02,0.02,0.2,0.25,0.14,0.05,0.03
856,0.5,0.21,0.18,0.42,0.21,0.18,0.77,0.88,0.19,0.71,0.08
857,0.5,0.36,0.11,0.47,0.14,0.14,0.23,0.17,0.38,0.05,0.34
858,0.5,0.16,0.04,0.8,0.04,0.04,0.14,0.19,0.2,0.06,0.3
859,0.5,0.11,0.13,0.43,0.13,0.13,0.86,0.96,0.09,0.68,0.02
860,0.5,0.3,0.42,0.4,0.48,0.46,0.38,0.55,0.3,0.47,0.06
861,0.5,0.25,0.25,0.38,0.3,0.3,0.64,0.75,0.22,0.69,0.09
862,0.5,0.29,0.05,0.26,0.08,0.07,0.26,0.36,0.29,0.18,0.17
863,0.5,0.22,0.32,0.63,0.31,0.31,0.18,0.42,0.24,0.38,0.22
864,0.5,0.21,0.09,0.76,0.12,0.1,0.36,0.45,0.2,0.25,0.19
865,0.0,0.43,0.92,0.37,0.97,0.94,0.24,0.32,0.55,0.6,1.0
866,0.5,0.18,0.02,0.78,0.02,0.02,0.17,0.27,0.18,0.11,0.38
867,0.5,0.18,0.0,0.9,0.02,0.02,0.34,0.48,0.16,0.21,0.03
868,0.5,0.17,0.03,0.82,0.03,0.03,0.24,0.34,0.18,0.09,0.08
869,0.5,0.21,0.03,0.79,0.05,0.05,0.42,0.58,0.19,0.49,0.03
870,0.5,0.12,0.0,0.93,0.01,0.0,0.13,0.29,0.1,0.08,0.22
871,0.5,0.16,0.07,0.74,0.06,0.06,0.49,0.45,0.15,0.17,0.04
872,0.5,0.23,0.02,0.82,0.02,0.02,0.14,0.17,0.28,0.03,0.51
873,0.5,0.11,0.01,0.85,0.02,0.02,0.28,0.38,0.1,0.13,0.06
874,0.5,0.11,0.05,0.77,0.08,0.06,0.11,0.3,0.12,0.14,0.04
875,0.0,0.12,0.3,0.28,0.25,0.27,0.13,0.18,0.15,0.19,0.38
876,0.5,0.28,0.01,0.87,0.02,0.01,0.22,0.16,0.32,0.06,0.63
877,0.5,0.31,0.17,0.53,0.16,0.19,0.43,0.52,0.3,0.33,0.13
878,0.5,0.15,0.17,0.65,0.16,0.15,0.25,0.51,0.15,0.36,0.06
879,0.5,0.16,0.02,0.75,0.01,0.02,0.28,0.4,0.15,0.08,0.14
880,0.5,0.28,0.09,0.8,0.09,0.09,0.61,0.6,0.28,0.37,0.03
881,0.0,0.2,0.04,0.69,0.03,0.03,0.11,0.21,0.23,0.08,0.2
882,0.0,0.38,0.09,0.81,0.1,0.1,0.35,0.12,0.48,0.13,0.84
883,0.5,0.65,0.63,0.48,0.72,0.71,0.32,0.47,0.64,0.54,0.26
884,0.5,0.22,0.17,0.4,0.18,0.14,0.45,0.33,0.23,0.17,0.15
885,0.0,0.16,0.64,0.61,0.6,0.64,0.17,0.35,0.19,0.44,0.12
886,0.5,0.66,0.81,0.44,0.9,0.86,0.4,0.54,0.71,0.7,0.27
887,0.5,0.33,0.04,0.79,0.03,0.04,0.36,0.25,0.38,0.1,0.69
888,0.5,0.19,0.02,0.82,0.02,0.02,0.21,0.28,0.19,0.08,0.04
889,0.0,0.82,0.67,0.56,0.72,0.71,0.12,0.14,0.86,0.13,0.51
890,0.5,0.22,0.17,0.49,0.17,0.17,0.31,0.38,0.22,0.38,0.05
891,0.0,0.26,0.3,0.72,0.32,0.31,0.26,0.46,0.28,0.41,0.2
892,0.5,0.23,0.08,0.88,0.06,0.07,0.34,0.51,0.27,0.39,0.18
893,0.5,0.07,0.02,0.8,0.01,0.01,0.25,0.26,0.07,0.05,0.45
894,0.5,0.14,0.07,0.85,0.04,0.05,0.28,0.24,0.16,0.07,0.01
895,0.5,0.22,0.03,0.76,0.02,0.02,0.21,0.41,0.2,0.31,0.03
896,0.0,0.25,0.72,0.41,0.78,0.77,0.49,0.52,0.32,0.73,0.2
897,0.5,0.25,0.01,0.86,0.0,0.0,0.24,0.07,0.28,0.05,0.31
898,0.0,1.0,1.0,0.42,1.0,1.0,0.06,0.27,1.0,0.39,0.47
899,0.0,0.13,0.83,0.2,0.9,0.88,0.77,1.0,0.19,1.0,0.45
900,0.5,0.19,0.13,0.56,0.15,0.13,0.38,0.47,0.19,0.4,0.22
901,0.5,0.31,0.08,0.64,0.11,0.09,0.31,0.41,0.27,0.16,0.27
902,0.0,0.12,0.02,0.61,0.05,0.04,0.38,0.1,0.14,0.04,0.15
903,0.5,0.1,0.02,0.84,0.02,0.02,0.25,0.19,0.1,0.08,0.32
904,0.5,0.14,0.05,0.66,0.04,0.05,0.41,0.45,0.14,0.18,0.2
905,0.5,0.21,0.13,0.32,0.14,0.13,0.67,0.75,0.18,0.6,0.02
906,0.5,0.15,0.02,0.86,0.03,0.02,0.47,0.43,0.13,0.18,0.0
907,0.5,0.2,0.07,0.65,0.06,0.07,0.31,0.28,0.23,0.07,0.65
908,0.0,0.19,0.06,0.83,0.05,0.05,0.26,0.18,0.25,0.05,0.41
909,0.5,1.0,0.02,0.82,0.04,0.03,0.31,0.27,1.0,0.11,0.08
910,0.0,0.11,0.06,0.75,0.05,0.06,0.37,0.14,0.14,0.04,0.22
911,0.5,0.12,0.03,0.54,0.08,0.07,0.27,0.31,0.14,0.12,0.1
912,0.5,0.31,0.07,0.88,0.1,0.08,0.72,0.8,0.34,0.76,0.08
913,0.5,0.14,0.03,0.78,0.03,0.03,0.33,0.45,0.13,0.17,0.09
914,0.5,0.15,0.0,0.94,0.0,0.0,0.24,0.23,0.16,0.08,0.52
915,0.5,0.45,0.62,0.22,0.65,0.65,0.56,0.58,0.5,0.55,0.26
916,0.5,0.26,0.01,0.65,0.01,0.01,0.29,0.34,0.24,0.11,0.5
917,0.0,0.82,1.0,0.35,1.0,1.0,0.38,0.47,0.88,0.74,0.24
918,0.0,0.15,0.11,0.67,0.12,0.13,0.3,0.23,0.17,0.07,0.3
919,0.0,0.1,0.1,0.72,0.08,0.09,0.29,0.38,0.11,0.14,0.01
920,0.0,0.08,0.25,0.34,0.17,0.2,0.54,0.32,0.08,0.2,0.12
921,0.5,0.25,0.08,0.67,0.07,0.07,0.18,0.28,0.27,0.1,0.22
922,0.5,0.21,0.28,0.7,0.31,0.3,0.14,0.21,0.23,0.27,0.59
923,0.0,0.11,0.19,0.54,0.15,0.17,0.65,0.63,0.13,0.99,0.06
924,0.0,1.0,0.42,0.59,0.48,0.43,0.18,0.08,0.96,0.04,0.07
925,0.5,0.15,0.03,0.89,0.03,0.03,0.2,0.37,0.14,0.32,0.04
926,0.5,0.14,0.02,0.79,0.02,0.02,0.21,0.25,0.14,0.1,0.35
927,0.0,0.12,0.03,0.64,0.04,0.05,0.27,0.29,0.13,0.11,0.11
928,0.5,0.18,0.03,0.68,0.03,0.03,0.35,0.36,0.19,0.38,0.16
929,0.5,0.53,0.11,0.3,0.08,0.1,0.47,0.44,0.52,0.25,0.1
930,0.5,0.11,0.07,0.74,0.04,0.05,0.28,0.32,0.13,0.25,0.69
931,0.0,0.14,0.37,0.4,0.31,0.36,0.66,0.26,0.19,0.11,0.65
932,0.5,0.25,0.01,0.8,0.02,0.01,0.17,0.25,0.26,0.08,0.18
933,0.5,0.15,0.05,0.92,0.04,0.04,0.14,0.26,0.19,0.19,0.28
934,0.5,0.21,0.27,0.82,0.23,0.21,0.27,0.28,0.24,0.07,0.02
935,0.5,0.19,0.02,0.72,0.05,0.04,0.33,0.46,0.16,0.31,0.03
936,0.5,0.11,0.07,0.48,0.09,0.08,0.57,0.57,0.1,0.18,0.06
937,0.0,0.47,0.16,0.48,0.14,0.16,0.26,0.33,0.59,0.25,0.24
938,0.5,0.3,0.27,0.44,0.28,0.27,0.33,0.62,0.3,0.49,0.02
939,0.5,0.12,0.21,0.56,0.17,0.19,1.0,0.76,0.13,0.34,0.17
940,0.0,1.0,1.0,0.38,1.0,1.0,0.11,0.1,1.0,0.12,0.34
941,0.5,0.42,0.08,0.4,0.08,0.08,0.12,0.35,0.4,0.2,0.16
942,0.5,0.14,0.23,0.25,0.21,0.22,0.75,0.7,0.13,0.35,0.08
943,1.0,0.15,0.15,0.53,0.13,0.16,0.96,0.9,0.12,0.47,0.03
944,0.5,0.08,0.05,0.69,0.04,0.04,0.38,0.27,0.07,0.12,0.25
945,0.0,0.1,0.04,0.84,0.03,0.03,0.25,0.19,0.11,0.05,0.22
946,0.5,0.15,0.01,0.78,0.01,0.01,0.16,0.26,0.16,0.06,0.18
947,0.5,0.16,0.03,0.7,0.03,0.04,0.65,0.58,0.14,0.24,0.05
948,0.0,0.22,0.78,0.51,0.67,0.68,0.23,0.37,0.25,0.47,0.13
949,0.5,0.28,0.01,0.86,0.02,0.02,0.16,0.1,0.34,0.03,0.3
950,0.0,0.34,0.02,0.79,0.02,0.01,0.11,0.13,0.42,0.03,0.45
951,0.0,0.18,0.05,0.73,0.05,0.05,0.38,0.22,0.26,0.12,0.67
952,0.0,0.18,0.35,0.54,0.41,0.41,0.26,0.43,0.21,0.5,0.37
953,0.5,0.21,0.1,0.78,0.1,0.08,0.24,0.27,0.23,0.08,0.15
954,0.5,0.19,0.01,0.6,0.02,0.01,0.27,0.32,0.21,0.25,0.26
955,0.5,0.21,0.05,0.81,0.04,0.05,0.3,0.28,0.22,0.08,0.13
956,0.0,0.35,0.39,0.68,0.44,0.41,0.28,0.2,0.38,0.1,0.58
957,0.5,0.28,0.15,0.53,0.2,0.18,0.79,0.97,0.24,0.71,0.02
958,0.5,0.48,0.06,0.83,0.05,0.06,0.38,0.1,0.58,0.07,0.81
959,0.5,0.12,0.01,0.46,0.03,0.03,0.68,0.46,0.12,0.21,0.06
960,0.5,0.13,0.11,0.7,0.08,0.09,0.96,0.67,0.13,0.28,0.12
961,0.5,0.1,0.0,0.92,0.01,0.0,0.14,0.22,0.11,0.07,0.07
962,0.5,0.3,0.08,0.62,0.11,0.09,0.23,0.41,0.25,0.12,0.07
963,0.5,0.14,0.01,0.85,0.02,0.02,0.31,0.29,0.15,0.08,0.06
964,0.0,0.15,0.13,0.77,0.08,0.11,0.59,0.33,0.22,0.1,0.06
965,0.0,0.13,0.05,0.86,0.03,0.04,0.36,0.21,0.2,0.04,1.0
966,0.5,0.22,0.04,0.47,0.05,0.04,0.39,0.39,0.19,0.12,0.07
967,0.5,0.27,0.03,0.74,0.05,0.02,0.29,0.43,0.25,0.32,0.08
968,0.5,0.28,0.15,0.69,0.19,0.17,0.56,0.74,0.24,0.63,0.04
969,0.5,0.15,0.43,0.33,0.4,0.42,0.75,0.59,0.17,0.5,0.09
970,0.5,0.13,0.06,0.79,0.07,0.07,0.45,0.5,0.14,0.45,0.04
971,0.0,0.17,0.12,0.58,0.18,0.15,0.26,0.24,0.19,0.07,0.29
972,0.5,0.15,0.08,0.79,0.1,0.08,0.09,0.18,0.17,0.04,0.05
973,0.5,0.17,0.06,0.43,0.07,0.07,0.49,0.63,0.16,0.48,0.02
974,0.5,0.19,0.0,0.87,0.0,0.0,0.11,0.21,0.2,0.05,0.11
975,0.0,1.0,0.93,0.37,1.0,1.0,0.2,0.35,1.0,0.54,0.68
976,0.5,0.16,0.02,0.71,0.02,0.03,0.4,0.52,0.15,0.35,0.03
977,0.5,0.21,0.04,0.3,0.06,0.04,0.53,0.62,0.18,0.34,0.01
978,0.0,0.16,0.05,0.72,0.04,0.04,0.55,0.27,0.23,0.14,0.65
979,0.5,0.25,0.02,0.93,0.03,0.03,0.25,0.51,0.25,0.42,0.2
980,0.5,0.12,0.04,0.6,0.05,0.05,0.37,0.43,0.13,0.14,0.12
981,0.5,0.31,0.23,0.33,0.28,0.25,0.41,0.55,0.32,0.37,0.12
982,0.0,0.14,0.11,0.58,0.07,0.09,0.72,0.19,0.19,0.08,0.03
983,0.5,0.15,0.05,0.82,0.04,0.04,0.26,0.32,0.15,0.1,0.05
984,0.0,0.2,0.04,0.75,0.06,0.05,0.32,0.24,0.23,0.09,0.48
985,0.5,0.27,0.05,0.72,0.05,0.05,0.32,0.48,0.26,0.36,0.08
986,0.0,0.16,0.14,0.41,0.12,0.13,0.52,0.35,0.22,0.39,0.49
987,0.5,0.19,0.03,0.78,0.03,0.04,0.34,0.45,0.19,0.37,0.23
988,0.5,0.19,0.04,0.81,0.03,0.03,0.2,0.19,0.21,0.05,0.1
989,0.5,0.36,0.01,0.79,0.01,0.01,0.22,0.21,0.39,0.11,0.37
990,0.0,0.23,0.02,0.83,0.02,0.02,0.13,0.22,0.28,0.07,0.12
991,0.5,0.21,0.09,0.76,0.07,0.08,0.49,0.62,0.19,0.27,0.02
992,0.0,0.19,0.08,0.61,0.06,0.07,0.66,0.31,0.29,0.21,0.42
993,0.5,0.15,0.01,0.78,0.01,0.02,0.13,0.29,0.13,0.09,0.65
994,0.5,0.59,0.1,0.62,0.11,0.1,0.25,0.23,0.61,0.13,0.66
995,0.5,0.16,0.04,0.86,0.03,0.03,0.18,0.3,0.18,0.08,0.12
996,0.0,0.33,0.07,0.7,0.07,0.07,0.11,0.13,0.42,0.04,0.69
997,0.5,0.14,0.1,0.69,0.09,0.09,0.59,0.63,0.14,0.42,0.15
998,1.0,0.21,0.12,0.22,0.14,0.14,1.0,1.0,0.19,1.0,0.02
999,0.5,0.06,0.02,0.83,0.02,0.02,0.36,0.3,0.06,0.1,0.09
1000,0.0,0.09,0.06,0.71,0.06,0.05,0.53,0.56,0.1,0.48,0.03
1001,0.5,0.37,0.34,0.79,0.31,0.32,0.19,0.36,0.4,0.32,0.54
1002,0.0,0.01,0.03,0.61,0.04,0.04,0.71,0.3,0.03,0.18,0.06
1003,0.5,0.46,0.23,0.4,0.22,0.25,0.21,0.22,0.44,0.19,0.29
1004,0.0,0.17,0.07,0.78,0.08,0.08,0.29,0.28,0.2,0.07,0.19
1005,0.5,0.34,0.12,0.74,0.18,0.16,0.33,0.3,0.36,0.14,0.5
1006,0.5,0.18,0.07,0.85,0.05,0.06,0.42,0.55,0.18,0.48,0.11
1007,0.5,0.21,0.0,0.55,0.01,0.01,0.2,0.24,0.19,0.06,0.06
1008,0.5,0.19,0.15,0.54,0.11,0.14,0.69,0.77,0.17,0.56,0.02
1009,0.0,0.34,0.08,0.73,0.1,0.08,0.2,0.19,0.46,0.1,0.36
1010,0.5,0.32,0.24,0.61,0.24,0.24,0.26,0.34,0.34,0.31,0.24
1011,0.0,0.71,0.46,0.49,0.53,0.5,0.1,0.25,0.69,0.26,0.57
1012,0.5,0.15,0.01,0.84,0.01,0.01,0.16,0.22,0.17,0.07,0.45
1013,0.5,0.2,0.02,0.72,0.02,0.03,0.4,0.57,0.18,0.4,0.03
1014,0.0,0.14,0.19,0.73,0.24,0.23,0.25,0.49,0.15,0.46,0.06
1015,0.5,0.06,0.15,0.44,0.15,0.16,0.93,0.96,0.07,1.0,0.14
1016,0.5,0.37,0.05,0.91,0.04,0.05,0.25,0.49,0.35,0.38,0.13
1017,0.5,0.11,0.1,0.51,0.09,0.1,0.64,0.51,0.11,0.28,0.05
1018,0.5,0.72,0.16,0.48,0.16,0.15,0.18,0.22,0.71,0.1,0.07
1019,0.0,0.12,0.0,0.78,0.0,0.0,0.17,0.21,0.12,0.07,0.53
1020,0.5,0.15,0.01,0.94,0.02,0.01,0.21,0.18,0.16,0.01,0.05
1021,0.0,0.23,0.25,0.73,0.26,0.29,0.34,0.3,0.31,0.31,0.45
1022,0.5,0.09,0.01,0.5,0.01,0.01,0.17,0.3,0.08,0.07,0.1
1023,0.0,0.07,0.3,0.4,0.28,0.3,0.77,0.68,0.09,0.8,0.12
1024,0.5,0.71,0.02,0.72,0.04,0.03,0.24,0.35,0.68,0.12,0.15
1025,0.5,0.24,0.01,0.52,0.03,0.02,0.11,0.37,0.23,0.19,0.03
1026,0.0,1.0,1.0,0.43,1.0,1.0,0.1,0.12,1.0,0.12,0.31
1027,0.5,0.08,0.13,0.44,0.1,0.12,0.57,0.42,0.08,0.11,0.14
1028,0.5,0.22,0.09,0.72,0.09,0.11,0.59,0.64,0.23,0.41,0.03
1029,0.5,0.14,0.01,0.75,0.03,0.02,0.63,0.62,0.11,0.29,0.01
1030,0.0,0.15,0.43,0.33,0.45,0.47,0.37,0.47,0.19,0.44,0.31
1031,0.5,0.36,0.06,0.87,0.05,0.05,0.33,0.46,0.33,0.15,0.03
1032,0.0,0.14,0.27,0.44,0.29,0.33,0.42,0.43,0.16,0.42,0.09
1033,0.5,0.19,0.14,0.87,0.09,0.11,0.14,0.25,0.2,0.07,0.11
1034,0.5,0.35,0.06,0.63,0.07,0.06,0.22,0.46,0.33,0.09,0.16
1035,0.5,0.32,0.2,0.59,0.29,0.27,0.36,0.56,0.34,0.72,0.26
1036,0.0,0.37,0.44,0.57,0.46,0.46,0.26,0.26,0.4,0.29,0.35
1037,0.0,0.62,0.52,0.57,0.37,0.43,0.6,0.18,0.63,0.12,0.04
1038,0.0,0.21,0.49,0.2,0.57,0.51,0.34,0.3,0.32,0.22,0.59
1039,0.0,0.3,1.0,0.46,1.0,1.0,0.23,0.35,0.33,0.37,0.24
1040,0.5,0.45,0.44,0.76,0.51,0.45,0.2,0.18,0.49,0.05,0.15
1041,0.5,0.26,0.65,0.17,0.56,0.61,0.74,0.75,0.25,0.55,0.04
1042,0.5,0.18,0.11,0.68,0.14,0.14,0.26,0.57,0.17,0.39,0.12
1043,0.0,0.15,0.13,0.29,0.14,0.14,0.42,0.36,0.17,0.16,0.75
1044,0.5,0.33,0.17,0.73,0.18,0.15,0.19,0.13,0.36,0.05,0.12
1045,0.0,0.15,0.28,0.25,0.3,0.29,0.32,0.41,0.16,0.24,0.22
1046,0.5,0.1,0.02,0.74,0.02,0.02,0.44,0.45,0.08,0.14,0.16
1047,0.0,0.42,0.11,0.44,0.13,0.12,0.11,0.12,0.44,0.05,0.45
1048,0.5,0.11,0.02,0.81,0.05,0.04,0.29,0.49,0.1,0.42,0.09
1049,0.0,0.2,0.37,0.36,0.41,0.39,0.9,0.75,0.28,1.0,0.25
1050,0.5,0.15,0.08,0.84,0.09,0.1,0.27,0.24,0.2,0.17,0.43
1051,0.5,0.44,0.03,0.86,0.04,0.03,0.2,0.2,0.45,0.05,0.1
1052,0.0,0.29,0.01,0.69,0.02,0.02,0.13,0.21,0.34,0.05,0.27
1053,0.0,0.2,0.23,0.23,0.24,0.23,0.24,0.36,0.22,0.21,0.2
1054,0.5,0.09,0.6,0.32,0.52,0.59,1.0,0.81,0.1,1.0,0.1
1055,0.5,0.22,0.1,0.53,0.18,0.14,0.52,0.5,0.2,0.13,0.05
1056,0.0,0.11,0.03,0.46,0.02,0.03,0.14,0.25,0.12,0.07,0.09
1057,0.5,0.29,0.02,0.91,0.01,0.01,0.32,0.48,0.26,0.3,0.11
1058,0.5,0.08,0.11,0.37,0.11,0.11,0.8,0.56,0.07,0.21,0.08
1059,0.5,0.2,0.08,0.85,0.08,0.1,0.51,0.59,0.21,0.51,0.03
1060,0.0,0.22,0.14,0.56,0.16,0.14,0.27,0.29,0.26,0.16,0.09
1061,0.5,0.13,0.01,0.81,0.03,0.01,0.36,0.43,0.12,0.38,0.03
1062,0.5,0.1,0.01,0.77,0.01,0.01,0.23,0.24,0.09,0.08,0.15
1063,0.5,0.25,0.07,0.62,0.06,0.06,0.22,0.45,0.24,0.25,0.06
1064,0.0,0.25,0.38,0.58,0.33,0.37,0.3,0.41,0.27,0.45,0.25
1065,0.0,0.24,0.11,0.72,0.1,0.11,0.27,0.25,0.27,0.04,0.63
1066,0.5,0.17,0.01,0.88,0.01,0.01,0.31,0.48,0.15,0.18,0.04
1067,0.5,0.17,0.09,0.61,0.09,0.09,0.72,0.61,0.17,0.38,0.03
1068,0.0,0.21,0.55,0.48,0.45,0.5,0.82,0.25,0.2,0.21,0.15
1069,0.5,0.14,0.13,0.7,0.11,0.12,0.64,0.29,0.16,0.09,0.03
1070,0.5,0.17,0.15,0.68,0.11,0.12,0.13,0.45,0.17,0.35,0.05
1071,0.0,0.65,1.0,0.31,1.0,1.0,0.36,0.3,0.83,0.66,1.0
1072,0.5,0.31,0.12,0.71,0.1,0.1,0.46,0.69,0.28,0.54,0.05
1073,0.0,0.15,0.19,0.33,0.18,0.18,0.46,0.48,0.17,0.34,0.03
1074,0.0,0.16,0.33,0.71,0.25,0.29,0.67,0.21,0.21,0.1,0.29
1075,0.5,0.06,0.02,0.9,0.02,0.01,0.22,0.36,0.05,0.17,0.05
1076,0.0,0.21,0.11,0.63,0.14,0.12,0.34,0.26,0.24,0.09,0.57
1077,0.0,0.11,0.1,0.45,0.09,0.09,0.39,0.36,0.12,0.28,0.04
1078,0.0,0.13,0.15,0.81,0.12,0.13,0.32,0.38,0.14,0.31,0.1
1079,0.5,0.15,0.05,0.96,0.04,0.04,0.33,0.4,0.13,0.13,0.03
1080,0.5,0.34,0.04,0.62,0.03,0.04,0.23,0.49,0.31,0.25,0.05
1081,0.5,0.41,0.0,0.93,0.01,0.0,0.19,0.15,0.43,0.08,0.6
1082,0.0,0.1,0.27,0.5,0.23,0.25,0.3,0.29,0.16,0.2,0.67
1083,0.5,0.52,0.3,0.59,0.38,0.34,0.18,0.23,0.54,0.26,0.68
1084,0.5,0.14,0.05,0.75,0.05,0.06,0.54,0.56,0.14,0.5,0.06
1085,0.5,0.18,0.05,0.6,0.05,0.06,0.42,0.46,0.17,0.45,0.07
1086,0.5,0.23,0.01,0.9,0.0,0.01,0.19,0.19,0.25,0.05,0.24
1087,0.5,0.18,0.01,0.8,0.01,0.01,0.33,0.39,0.18,0.14,0.03
1088,0.0,0.92,0.68,0.54,0.63,0.67,0.12,0.16,0.9,0.12,0.24
1089,0.5,0.23,0.24,0.56,0.29,0.26,0.86,0.96,0.18,0.66,0.04
1090,0.0,0.21,0.04,0.74,0.02,0.03,0.13,0.09,0.24,0.01,0.41
1091,0.0,0.27,0.12,0.74,0.11,0.11,0.44,0.15,0.49,0.1,0.19
1092,0.5,0.35,0.23,0.41,0.27,0.25,0.23,0.38,0.35,0.34,0.39
1093,0.5,0.25,0.02,0.39,0.03,0.03,0.58,0.61,0.21,0.22,0.18
1094,0.0,0.12,0.07,0.62,0.07,0.07,0.6,0.22,0.15,0.19,0.16
1095,0.5,0.1,0.03,0.76,0.02,0.03,0.43,0.35,0.09,0.12,0.02
1096,0.0,0.87,1.0,0.48,1.0,1.0,0.18,0.3,0.95,0.37,0.27
1097,0.5,0.17,0.05,0.7,0.06,0.06,0.7,0.77,0.14,0.69,0.06
1098,1.0,0.19,0.17,0.13,0.15,0.17,0.97,1.0,0.16,1.0,0.06
1099,0.5,0.19,0.04,0.83,0.04,0.03,0.18,0.18,0.2,0.04,0.42
1100,0.0,0.12,0.27,0.13,0.27,0.3,0.64,0.65,0.14,1.0,0.14
1101,0.0,0.21,0.68,0.36,0.74,0.67,0.36,0.42,0.28,0.71,0.2
1102,0.5,0.21,0.07,0.75,0.06,0.06,0.71,0.68,0.19,0.43,0.06
1103,0.5,0.17,0.08,0.79,0.09,0.06,0.46,0.44,0.17,0.33,0.15
1104,0.0,0.94,0.63,0.55,0.66,0.6,0.3,0.15,0.94,0.09,0.31
1105,0.5,0.11,0.06,0.46,0.05,0.06,0.46,0.36,0.12,0.26,0.17
1106,0.0,0.11,0.06,0.72,0.04,0.05,0.39,0.27,0.13,0.15,0.09
1107,0.5,0.37,0.15,0.35,0.11,0.13,0.13,0.31,0.35,0.11,0.26
1108,0.5,0.21,0.03,0.7,0.02,0.03,0.39,0.42,0.17,0.15,0.06
1109,0.0,0.31,0.93,0.52,0.84,0.9,0.07,0.14,0.37,0.22,0.61
1110,0.5,0.06,0.11,0.46,0.07,0.08,0.72,0.44,0.06,0.28,0.29
1111,0.5,0.28,0.02,0.83,0.01,0.02,0.18,0.19,0.32,0.06,0.16
1112,0.5,0.1,0.02,0.6,0.02,0.02,0.36,0.44,0.09,0.14,0.11
1113,0.0,0.17,0.33,0.7,0.32,0.33,0.4,0.54,0.21,0.44,0.15
1114,0.5,0.18,0.16,0.7,0.18,0.16,0.84,0.77,0.14,0.57,0.05
1115,0.0,0.11,0.62,0.33,0.45,0.54,0.8,0.3,0.13,0.13,0.09
1116,0.5,0.2,0.05,0.86,0.04,0.05,0.34,0.26,0.18,0.12,0.08
1117,0.5,0.1,0.19,0.28,0.18,0.18,0.65,0.41,0.09,0.22,0.09
1118,0.5,0.15,0.11,0.56,0.11,0.1,0.35,0.43,0.14,0.17,0.35
1119,0.0,0.08,0.19,0.63,0.15,0.16,0.89,0.52,0.12,0.26,0.07
1120,0.5,0.13,0.04,0.74,0.04,0.04,0.5,0.39,0.17,0.25,0.55
1121,0.0,0.2,0.46,0.15,0.48,0.46,0.34,0.33,0.25,0.2,0.58
1122,0.5,0.11,0.14,0.78,0.12,0.13,0.45,0.42,0.12,0.2,0.03
1123,0.0,0.01,0.14,0.0,0.15,0.14,0.21,0.26,0.0,0.15,0.14
1124,0.5,0.16,0.04,0.73,0.04,0.04,0.28,0.25,0.17,0.12,0.52
1125,0.5,0.22,0.02,0.64,0.03,0.02,0.38,0.43,0.19,0.15,0.09
1126,0.5,0.47,0.39,0.44,0.45,0.46,0.3,0.4,0.5,0.34,0.6
1127,0.0,0.27,0.11,0.78,0.1,0.11,0.45,0.22,0.34,0.12,1.0
1128,0.5,0.15,0.02,0.73,0.03,0.03,0.65,0.59,0.14,0.21,0.01
1129,0.0,0.28,0.28,0.8,0.24,0.27,0.24,0.15,0.32,0.06,0.54
1130,0.0,0.29,0.24,0.47,0.25,0.28,0.33,0.08,0.35,0.04,0.12
1131,0.0,0.17,0.08,0.38,0.08,0.08,0.2,0.15,0.2,0.09,0.83
1132,0.5,0.34,0.05,0.87,0.08,0.05,0.24,0.25,0.36,0.08,0.39
1133,0.0,0.11,0.03,0.63,0.04,0.04,0.36,0.22,0.13,0.09,0.29
1134,0.5,0.18,0.01,0.87,0.01,0.01,0.32,0.31,0.22,0.16,0.82
1135,0.5,0.09,0.01,0.79,0.03,0.03,0.48,0.4,0.08,0.14,0.04
1136,0.5,0.21,0.06,0.64,0.08,0.06,0.17,0.28,0.21,0.2,0.01
1137,0.0,1.0,1.0,0.35,1.0,1.0,0.14,0.25,1.0,0.5,0.52
1138,0.5,0.24,0.26,0.4,0.29,0.31,0.84,0.71,0.24,0.68,0.15
1139,0.5,0.54,0.51,0.46,0.7,0.66,0.56,0.65,0.52,0.59,0.13
1140,0.5,0.15,0.04,0.4,0.03,0.03,0.38,0.44,0.15,0.33,0.1
1141,0.5,0.26,0.06,0.73,0.05,0.05,0.17,0.34,0.28,0.13,0.39
1142,0.0,0.14,0.25,0.79,0.25,0.24,0.39,0.4,0.18,0.41,0.1
1143,0.5,0.14,0.02,0.98,0.01,0.02,0.18,0.27,0.14,0.09,0.07
1144,0.5,0.21,0.19,0.5,0.27,0.23,0.5,0.63,0.21,0.41,0.18
1145,0.5,0.4,0.04,0.92,0.03,0.03,0.24,0.1,0.46,0.06,1.0
1146,0.0,0.18,0.18,0.73,0.21,0.21,0.26,0.41,0.2,0.36,0.12
1147,0.5,0.19,0.03,0.54,0.05,0.03,0.54,0.57,0.17,0.23,0.08
1148,0.0,0.23,0.23,0.59,0.16,0.18,0.45,0.46,0.34,0.39,0.19
1149,0.5,0.18,0.01,0.63,0.03,0.02,0.19,0.13,0.19,0.03,0.1
1150,0.5,0.35,0.24,0.53,0.27,0.27,0.35,0.55,0.35,0.62,0.12
1151,1.0,0.23,0.09,0.82,0.09,0.08,0.66,0.82,0.2,0.58,0.03
1152,0.0,0.29,0.07,0.95,0.07,0.07,0.04,0.1,0.31,0.07,0.33
1153,0.5,0.13,0.01,0.98,0.01,0.01,0.25,0.33,0.11,0.11,0.04
1154,0.5,0.12,0.01,0.71,0.04,0.04,0.44,0.25,0.13,0.11,0.11
1155,0.0,0.17,0.07,0.83,0.08,0.07,0.29,0.31,0.21,0.2,0.14
1156,0.0,0.18,0.76,0.38,0.7,0.76,0.5,0.61,0.2,0.94,0.26
1157,0.0,0.1,0.01,0.86,0.02,0.02,0.16,0.22,0.1,0.04,0.22
1158,0.0,0.14,0.04,0.58,0.04,0.05,0.2,0.16,0.17,0.04,0.07
1159,0.5,0.29,0.04,0.69,0.04,0.03,0.22,0.15,0.36,0.04,0.87
1160,0.0,0.23,0.03,0.87,0.03,0.03,0.21,0.14,0.27,0.06,1.0
1161,0.5,0.08,0.03,0.82,0.01,0.02,0.27,0.15,0.08,0.06,0.28
1162,0.0,0.1,0.07,0.73,0.07,0.08,0.37,0.29,0.12,0.12,0.46
1163,0.5,0.4,0.08,0.75,0.07,0.08,0.24,0.21,0.5,0.08,1.0
1164,0.5,0.34,0.0,0.92,0.01,0.01,0.17,0.14,0.37,0.04,0.63
1165,0.0,0.15,0.01,0.75,0.0,0.0,0.11,0.15,0.15,0.0,0.05
1166,0.5,0.18,0.03,0.77,0.07,0.05,0.34,0.38,0.16,0.37,0.12
1167,0.5,0.07,0.02,0.85,0.01,0.02,0.17,0.28,0.08,0.14,0.06
1168,0.5,0.12,0.05,0.68,0.04,0.04,0.47,0.46,0.11,0.21,0.28
1169,0.5,1.0,0.02,0.77,0.04,0.02,0.24,0.31,1.0,0.12,0.04
1170,0.0,0.02,0.16,0.33,0.14,0.16,0.51,0.55,0.04,0.98,0.1
1171,0.5,0.07,0.06,0.82,0.06,0.05,0.36,0.43,0.06,0.21,0.03
1172,0.5,0.39,0.36,0.58,0.42,0.41,0.24,0.32,0.43,0.31,0.34
1173,0.0,0.3,0.05,0.8,0.04,0.04,0.23,0.09,0.34,0.05,0.39
1174,0.0,0.1,0.06,0.27,0.08,0.08,0.42,0.3,0.12,0.33,0.16
1175,0.5,0.17,0.09,0.59,0.15,0.15,0.7,0.74,0.17,0.61,0.06
1176,0.0,0.13,0.06,0.8,0.05,0.06,0.3,0.28,0.13,0.18,0.03
1177,0.5,0.09,0.01,0.57,0.01,0.01,0.21,0.12,0.1,0.02,0.17
1178,0.5,0.46,0.02,0.82,0.02,0.03,0.18,0.06,0.5,0.04,0.54
1179,0.0,0.12,0.63,0.62,0.41,0.51,0.94,0.28,0.13,0.13,0.1
1180,0.0,0.43,0.8,0.39,0.75,0.77,0.48,0.51,0.49,0.63,0.22
1181,0.0,0.14,0.11,0.16,0.1,0.11,0.16,0.25,0.15,0.11,0.18
1182,0.0,0.2,0.13,0.42,0.18,0.14,0.29,0.2,0.26,0.1,1.0
1183,0.0,1.0,1.0,0.42,1.0,1.0,0.14,0.28,1.0,0.37,0.25
1184,0.5,0.24,0.05,0.91,0.08,0.07,0.17,0.23,0.27,0.04,0.0
1185,0.5,0.22,0.27,0.66,0.25,0.29,0.35,0.57,0.23,0.53,0.04
1186,0.5,0.12,0.01,0.81,0.01,0.01,0.47,0.42,0.12,0.13,0.03
1187,0.5,0.11,0.16,0.54,0.13,0.14,0.97,0.91,0.12,0.62,0.04
1188,0.0,0.53,0.01,0.6,0.01,0.01,0.12,0.14,0.6,0.02,0.89
1189,0.0,1.0,1.0,0.46,0.98,1.0,0.15,0.25,1.0,0.48,0.62
1190,0.5,0.27,0.06,0.74,0.05,0.05,0.22,0.27,0.3,0.08,0.34
1191,0.5,0.18,0.2,0.69,0.17,0.19,0.5,0.7,0.17,0.56,0.16
1192,0.5,0.15,0.0,0.81,0.0,0.0,0.18,0.25,0.15,0.05,0.19
1193,0.5,0.11,0.1,0.49,0.13,0.13,0.9,0.98,0.1,0.78,0.03
1194,0.5,0.18,0.06,0.22,0.07,0.07,0.33,0.38,0.17,0.14,0.23
1195,0.0,0.34,0.11,0.71,0.11,0.11,0.22,0.21,0.43,0.08,0.4
1196,0.0,1.0,0.82,0.46,0.94,0.85,0.08,0.17,1.0,0.24,0.9
1197,0.5,0.21,0.23,0.35,0.26,0.26,0.76,0.67,0.18,0.26,0.13
1198,0.5,0.12,0.01,0.81,0.01,0.01,0.23,0.21,0.12,0.05,0.43
1199,0.0,0.19,0.01,0.75,0.01,0.01,0.18,0.25,0.21,0.05,0.53
1200,0.5,0.37,0.35,0.27,0.36,0.38,0.67,0.74,0.37,0.55,0.11
1201,0.5,0.27,0.15,0.81,0.15,0.15,0.58,0.76,0.24,0.57,0.02
1202,0.5,0.22,0.61,0.42,0.47,0.53,0.58,0.7,0.26,0.93,0.21
1203,1.0,0.19,0.09,0.39,0.08,0.08,0.9,0.89,0.15,0.46,0.03
1204,0.0,0.6,0.93,0.45,1.0,1.0,0.17,0.22,0.71,0.27,1.0
1205,0.5,0.42,0.35,0.61,0.37,0.34,0.31,0.28,0.44,0.19,0.32
1206,0.5,0.16,0.03,0.56,0.07,0.06,0.6,0.55,0.15,0.28,0.16
1207,0.5,0.3,0.03,0.87,0.03,0.03,0.53,0.71,0.31,0.53,0.05
1208,0.5,0.09,0.13,0.09,0.12,0.13,0.56,0.51,0.1,0.27,0.1
1209,0.5,0.18,0.07,0.68,0.06,0.07,0.37,0.53,0.19,0.44,0.06
1210,0.0,0.15,0.02,0.74,0.01,0.02,0.17,0.09,0.17,0.02,0.19
1211,0.5,0.13,0.01,0.9,0.04,0.03,0.17,0.28,0.14,0.08,0.02
1212,0.0,0.08,0.32,0.39,0.26,0.28,0.94,0.49,0.12,0.19,0.15
1213,0.5,0.35,0.04,0.51,0.04,0.05,0.27,0.42,0.33,0.22,0.2
1214,0.5,0.25,0.03,0.68,0.05,0.04,0.4,0.61,0.23,0.42,0.04
1215,0.5,0.29,0.06,0.45,0.06,0.07,0.36,0.54,0.26,0.34,0.16
1216,0.5,0.21,0.02,0.93,0.06,0.04,0.18,0.25,0.25,0.1,0.07
1217,0.5,1.0,0.04,0.82,0.03,0.03,0.32,0.28,1.0,0.12,0.04
1218,0.0,0.76,0.77,0.45,0.82,0.81,0.12,0.24,0.82,0.34,0.65
1219,0.5,0.33,0.05,0.58,0.05,0.04,0.31,0.14,0.35,0.08,0.25
1220,0.5,0.15,0.02,0.86,0.02,0.02,0.15,0.19,0.16,0.04,0.07
1221,0.5,0.17,0.01,0.71,0.01,0.01,0.32,0.33,0.17,0.12,0.22
1222,0.5,0.33,0.26,0.51,0.35,0.32,0.27,0.51,0.33,0.57,0.41
1223,0.0,0.28,0.97,0.48,0.74,0.8,0.52,0.53,0.41,0.54,0.33
1224,0.0,0.22,0.09,0.19,0.12,0.13,0.28,0.3,0.26,0.18,0.31
1225,0.5,0.16,0.04,0.79,0.04,0.03,0.33,0.42,0.17,0.27,0.17
1226,0.5,0.22,0.02,0.39,0.03,0.03,0.18,0.24,0.23,0.08,0.05
1227,0.0,0.14,0.0,0.79,0.01,0.01,0.14,0.19,0.15,0.06,0.36
1228,0.5,1.0,0.09,0.67,0.09,0.1,0.49,0.29,1.0,0.14,0.03
1229,0.5,0.24,0.08,0.8,0.06,0.07,0.21,0.25,0.28,0.07,0.41
1230,0.5,0.2,0.04,0.68,0.03,0.03,0.13,0.34,0.2,0.11,0.11
1231,0.5,0.21,0.0,0.89,0.01,0.01,0.25,0.36,0.22,0.14,0.05
1232,0.0,0.3,0.47,0.13,0.56,0.58,0.39,0.39,0.36,0.25,0.29
1233,0.5,0.69,0.7,0.37,0.95,0.89,0.6,0.69,0.61,0.82,0.37
1234,0.5,0.23,0.01,0.82,0.01,0.0,0.4,0.58,0.2,0.47,0.02
1235,0.0,0.3,0.42,0.53,0.42,0.42,0.25,0.21,0.36,0.18,0.27
1236,0.0,0.14,0.01,0.78,0.02,0.01,0.19,0.27,0.16,0.05,0.2
1237,0.5,0.19,0.09,0.48,0.16,0.14,0.41,0.4,0.2,0.17,0.12
1238,0.5,0.23,0.24,0.16,0.2,0.23,0.27,0.19,0.22,0.18,0.04
1239,0.0,0.18,0.21,0.43,0.22,0.21,0.47,0.27,0.28,0.16,0.43
1240,1.0,1.0,0.04,0.68,0.05,0.04,0.47,0.47,1.0,0.18,0.05
1241,0.5,0.27,0.08,0.6,0.09,0.09,0.35,0.34,0.26,0.13,0.08
1242,0.5,0.21,0.03,0.83,0.02,0.03,0.18,0.29,0.23,0.21,0.44
1243,0.0,0.44,0.92,0.35,0.89,0.9,0.59,0.39,0.59,0.77,0.53
1244,0.5,0.13,0.07,0.33,0.07,0.06,0.58,0.44,0.15,0.21,0.11
1245,0.0,0.16,0.17,0.5,0.16,0.16,0.25,0.34,0.2,0.16,0.25
1246,0.5,0.12,0.09,0.31,0.06,0.07,0.42,0.37,0.15,0.45,0.12
1247,0.5,0.14,0.22,0.65,0.22,0.24,0.65,0.6,0.15,0.51,0.13
1248,0.0,0.4,0.23,0.42,0.22,0.22,0.15,0.26,0.44,0.14,0.43
1249,0.5,0.24,0.02,0.58,0.02,0.02,0.27,0.2,0.27,0.06,0.6
1250,0.5,0.16,0.08,0.61,0.12,0.11,0.35,0.42,0.15,0.17,0.11
1251,0.5,0.24,0.16,0.2,0.16,0.17,0.43,0.53,0.27,0.25,0.36
1252,0.0,0.17,0.04,0.73,0.04,0.03,0.24,0.17,0.2,0.09,0.91
1253,0.0,0.16,0.35,0.35,0.39,0.37,0.65,0.3,0.28,0.67,0.32
1254,0.5,0.2,0.04,0.72,0.03,0.03,0.54,0.5,0.19,0.4,0.22
1255,0.5,0.24,0.03,0.66,0.05,0.04,0.14,0.2,0.26,0.04,0.21
1256,0.0,0.13,0.27,0.11,0.32,0.31,0.26,0.35,0.13,0.19,0.21
1257,0.5,0.23,0.04,0.66,0.08,0.08,0.81,0.88,0.21,0.65,0.01
1258,0.5,0.24,0.06,0.87,0.04,0.04,0.14,0.21,0.29,0.1,0.59
1259,1.0,0.18,0.08,0.48,0.15,0.14,0.79,0.96,0.14,1.0,0.01
1260,0.5,0.26,0.32,0.47,0.34,0.35,0.9,1.0,0.24,1.0,0.83
1261,0.5,0.15,0.2,0.44,0.25,0.22,0.77,0.71,0.12,0.26,0.02
1262,0.0,0.19,0.32,0.65,0.32,0.34,0.38,0.67,0.2,0.55,0.11
1263,0.5,0.13,0.17,0.56,0.12,0.15,0.71,0.44,0.12,0.16,0.07
1264,0.5,0.34,0.02,0.76,0.02,0.02,0.3,0.49,0.28,0.18,0.08
1265,0.5,0.16,0.05,0.63,0.03,0.04,0.23,0.23,0.16,0.08,0.09
1266,0.0,1.0,1.0,0.28,1.0,1.0,0.15,0.31,1.0,0.48,0.45
1267,0.5,0.22,0.08,0.74,0.06,0.07,0.31,0.54,0.21,0.39,0.08
1268,0.5,0.2,0.31,0.1,0.3,0.31,0.51,0.53,0.19,0.4,0.12
1269,0.5,0.22,0.54,0.53,0.53,0.56,0.55,0.62,0.21,0.48,0.06
1270,0.5,0.06,0.01,0.82,0.01,0.02,0.26,0.21,0.06,0.1,0.16
1271,0.0,0.1,0.68,0.42,0.47,0.58,1.0,0.33,0.14,0.16,0.09
1272,0.5,0.37,0.27,0.49,0.26,0.27,0.25,0.4,0.39,0.32,0.5
1273,0.0,0.12,0.18,0.18,0.14,0.16,0.29,0.26,0.14,0.12,0.6
1274,0.5,0.15,0.23,0.49,0.26,0.26,0.81,0.76,0.14,0.67,0.02
1275,0.5,0.28,0.36,0.49,0.37,0.4,0.4,0.53,0.3,0.6,0.41
1276,0.5,0.08,0.07,0.61,0.06,0.06,0.66,0.59,0.07,0.26,0.05
1277,0.0,0.41,0.67,0.49,0.68,0.72,0.26,0.39,0.47,0.47,0.46
1278,0.5,0.08,0.0,0.79,0.0,0.0,0.26,0.19,0.07,0.06,0.17
1279,0.0,0.59,0.56,0.51,0.55,0.57,0.19,0.22,0.66,0.21,1.0
1280,0.5,0.21,0.57,0.67,0.48,0.52,0.76,0.82,0.21,0.8,0.1
1281,0.0,0.11,0.0,0.9,0.0,0.0,0.12,0.15,0.11,0.03,0.02
1282,0.5,0.27,0.15,0.44,0.14,0.15,0.31,0.31,0.3,0.11,0.16
1283,0.0,0.21,0.43,0.64,0.38,0.41,0.42,0.47,0.26,0.49,0.19
1284,0.5,0.19,0.01,0.81,0.01,0.01,0.39,0.49,0.17,0.37,0.11
1285,0.5,0.05,0.08,0.89,0.05,0.06,0.29,0.39,0.04,0.23,0.06
1286,0.5,0.51,0.01,0.8,0.0,0.01,0.15,0.16,0.52,0.05,0.32
1287,0.5,0.2,0.06,0.63,0.07,0.08,0.32,0.47,0.21,0.25,0.1
1288,0.5,0.19,0.01,0.77,0.01,0.01,0.27,0.24,0.22,0.09,0.42
1289,0.0,0.43,0.03,0.95,0.02,0.02,0.29,0.11,0.52,0.06,0.2
1290,0.0,0.21,0.01,0.79,0.03,0.03,0.26,0.29,0.22,0.09,0.22
1291,0.0,0.11,0.12,0.65,0.11,0.12,0.43,0.32,0.14,0.16,0.33
1292,0.0,0.1,0.01,0.86,0.01,0.01,0.34,0.31,0.12,0.17,0.04
1293,0.0,0.3,0.5,0.77,0.47,0.5,0.22,0.32,0.37,0.34,0.73
1294,0.5,0.17,0.11,0.68,0.07,0.08,0.77,0.52,0.17,0.21,0.05
1295,1.0,0.21,0.09,0.54,0.16,0.12,1.0,1.0,0.18,1.0,0.05
1296,0.0,0.39,0.62,0.31,0.64,0.63,0.48,0.37,0.5,0.49,0.48
1297,0.0,0.4,0.32,0.32,0.48,0.46,0.5,0.38,0.53,0.24,0.73
1298,0.5,0.17,0.08,0.64,0.07,0.08,0.71,0.7,0.15,0.61,0.02
1299,0.5,0.32,0.52,0.48,0.59,0.6,0.48,0.61,0.32,0.71,0.2
1300,1.0,0.23,0.11,0.42,0.09,0.09,0.75,0.98,0.18,0.48,0.01
1301,0.5,0.09,0.17,0.31,0.14,0.16,0.89,0.69,0.08,0.35,0.06
1302,0.5,0.12,0.02,0.15,0.02,0.02,0.4,0.36,0.13,0.12,0.23
1303,0.5,0.19,0.08,0.88,0.06,0.07,0.15,0.15,0.21,0.03,0.9
1304,0.5,0.15,0.19,0.74,0.15,0.17,0.35,0.52,0.16,0.49,0.03
1305,0.5,0.27,0.08,0.65,0.08,0.09,0.48,0.69,0.23,0.49,0.04
1306,0.5,0.11,0.01,0.74,0.01,0.01,0.17,0.15,0.12,0.03,0.18
1307,0.0,0.31,0.02,0.71,0.04,0.03,0.27,0.26,0.34,0.09,0.85
1308,0.0,0.18,0.16,0.78,0.14,0.16,0.26,0.39,0.21,0.32,0.21
1309,0.5,0.08,0.02,0.69,0.02,0.02,0.4,0.29,0.08,0.41,0.12
1310,0.5,0.12,0.0,0.87,0.02,0.02,0.17,0.35,0.12,0.09,0.14
1311,0.5,0.32,0.24,0.53,0.27,0.24,0.65,0.6,0.28,0.16,0.09
1312,0.5,0.27,0.13,0.55,0.17,0.17,0.38,0.62,0.27,0.64,0.1
1313,0.0,0.15,0.09,0.51,0.07,0.08,0.33,0.22,0.2,0.07,0.33
1314,0.0,0.19,0.14,0.52,0.1,0.11,0.42,0.4,0.25,0.21,0.17
1315,0.5,0.16,0.04,0.78,0.03,0.04,0.33,0.49,0.14,0.36,0.22
1316,0.5,0.24,0.02,0.86,0.01,0.02,0.26,0.18,0.27,0.07,0.34
1317,0.5,0.34,0.47,0.42,0.4,0.45,0.5,0.72,0.3,0.66,0.17
1318,0.0,0.31,0.25,0.6,0.33,0.26,0.26,0.15,0.4,0.14,0.77
1319,0.0,0.23,0.11,0.66,0.11,0.12,0.1,0.23,0.24,0.08,0.56
1320,0.0,0.07,0.17,0.63,0.12,0.14,0.57,0.22,0.09,0.11,0.09
1321,0.5,0.71,0.42,0.6,0.41,0.43,0.25,0.45,0.7,0.65,0.33
1322,0.5,0.33,0.06,0.6,0.06,0.06,0.25,0.51,0.31,0.35,0.03
1323,0.5,0.2,0.33,0.71,0.35,0.35,0.36,0.54,0.22,0.4,0.06
1324,0.5,0.21,0.01,0.85,0.01,0.01,0.13,0.19,0.22,0.02,0.09
1325,0.5,0.12,0.01,0.76,0.01,0.01,0.16,0.12,0.14,0.04,0.46
1326,0.0,0.14,0.05,0.48,0.07,0.07,0.19,0.27,0.16,0.1,0.14
1327,0.5,0.14,0.17,0.73,0.11,0.14,0.41,0.47,0.14,0.32,0.08
1328,0.0,1.0,1.0,0.35,1.0,1.0,0.0,0.14,1.0,0.42,0.54
1329,0.5,0.07,0.05,0.16,0.05,0.05,0.42,0.35,0.06,0.2,0.06
1330,0.5,0.16,0.02,0.83,0.02,0.02,0.31,0.48,0.17,0.38,0.04
1331,0.5,0.21,0.14,0.24,0.13,0.15,0.2,0.19,0.2,0.12,0.15
1332,0.5,0.16,0.03,0.79,0.04,0.05,0.31,0.39,0.15,0.26,0.04
1333,0.0,0.16,0.1,0.72,0.17,0.13,0.13,0.26,0.18,0.28,0.15
1334,0.0,0.21,0.02,0.77,0.03,0.03,0.24,0.26,0.22,0.1,0.61
1335,0.5,0.99,0.03,0.72,0.03,0.03,0.49,0.41,0.95,0.18,0.06
1336,0.5,0.11,0.1,0.43,0.11,0.11,0.55,0.58,0.12,0.21,0.08
1337,0.0,0.13,0.1,0.75,0.07,0.09,0.39,0.26,0.15,0.1,0.14
1338,0.0,0.21,0.31,0.79,0.29,0.33,0.37,0.45,0.28,0.4,0.15
1339,0.5,0.16,0.02,0.7,0.02,0.02,0.55,0.48,0.14,0.15,0.09
1340,0.0,0.08,0.03,0.13,0.04,0.04,0.23,0.25,0.07,0.16,0.08
1341,0.0,0.32,0.02,0.89,0.04,0.04,0.16,0.14,0.36,0.0,0.39
1342,0.0,0.13,0.26,0.6,0.23,0.25,0.56,0.38,0.16,0.64,0.24
1343,0.5,0.14,0.1,0.47,0.08,0.1,0.24,0.29,0.14,0.16,0.2
1344,0.5,0.4,0.17,0.61,0.2,0.18,0.18,0.44,0.4,0.42,0.29
1345,0.5,0.14,0.07,0.39,0.1,0.1,0.92,0.87,0.12,0.62,0.0
1346,0.5,0.19,0.17,0.75,0.15,0.17,0.23,0.49,0.2,0.46,0.07
1347,0.5,0.17,0.0,0.77,0.0,0.0,0.21,0.24,0.16,0.08,0.19
1348,0.5,0.2,1.0,0.52,0.85,1.0,0.84,1.0,0.19,1.0,0.01
1349,0.5,0.35,0.04,0.87,0.04,0.04,0.43,0.21,0.41,0.08,0.59
1350,0.5,0.53,0.46,0.48,0.47,0.46,0.3,0.39,0.58,0.33,0.68
1351,0.5,0.22,0.23,0.42,0.36,0.33,0.41,0.58,0.24,0.55,0.06
1352,0.0,0.18,0.38,0.55,0.35,0.36,0.26,0.32,0.22,0.34,0.3
1353,0.0,0.13,0.02,0.45,0.03,0.02,0.26,0.24,0.16,0.08,0.06
1354,0.5,0.15,0.28,0.36,0.26,0.28,0.67,0.54,0.17,0.43,0.06
1355,0.0,0.23,0.11,0.83,0.1,0.11,0.44,0.25,0.28,0.12,0.36
1356,0.5,0.21,0.09,0.31,0.08,0.09,0.39,0.54,0.19,0.36,0.04
1357,0.5,0.24,0.01,0.77,0.01,0.01,0.24,0.4,0.22,0.31,0.04
1358,1.0,0.17,0.31,0.39,0.3,0.31,0.96,1.0,0.15,1.0,0.07
1359,0.5,0.34,0.01,0.78,0.02,0.02,0.18,0.26,0.34,0.13,0.38
1360,0.5,0.27,0.02,0.81,0.02,0.03,0.53,0.61,0.27,0.45,0.07
1361,0.0,0.32,0.04,0.71,0.05,0.04,0.25,0.2,0.38,0.08,0.41
1362,0.5,0.28,0.01,0.83,0.01,0.01,0.24,0.14,0.32,0.06,0.18
1363,0.5,0.2,0.02,0.7,0.03,0.03,0.62,0.66,0.17,0.35,0.02
1364,0.0,0.13,0.11,0.66,0.1,0.1,0.48,0.34,0.15,0.16,0.36
1365,0.5,0.35,0.3,0.69,0.31,0.3,0.13,0.45,0.35,0.37,0.19
1366,0.5,0.2,0.02,0.91,0.02,0.02,0.21,0.27,0.23,0.08,0.16
1367,0.5,0.15,0.01,0.89,0.02,0.01,0.21,0.36,0.13,0.15,0.02
1368,0.0,0.52,0.53,0.5,0.61,0.58,0.17,0.32,0.62,0.27,1.0
1369,0.0,0.66,1.0,0.36,1.0,1.0,0.21,0.32,0.76,0.43,0.41
1370,0.0,1.0,0.29,0.68,0.4,0.39,0.12,0.06,1.0,0.01,0.12
1371,0.0,0.17,0.1,0.74,0.1,0.11,0.46,0.35,0.26,0.14,0.05
1372,0.0,0.57,0.68,0.25,0.61,0.63,0.22,0.24,0.57,0.37,0.45
1373,0.5,0.11,0.06,0.58,0.06,0.06,0.45,0.41,0.12,0.14,0.15
1374,0.5,0.08,0.04,0.61,0.06,0.07,0.26,0.4,0.06,0.13,0.1
1375,0.5,0.17,0.0,0.73,0.02,0.03,0.18,0.23,0.17,0.06,0.12
1376,0.5,0.3,0.06,0.69,0.04,0.05,0.33,0.2,0.34,0.1,0.4
1377,0.5,0.37,0.02,0.91,0.01,0.01,0.34,0.55,0.35,0.4,0.13
1378,0.5,0.24,0.24,0.67,0.24,0.24,0.27,0.49,0.26,0.37,0.16
1379,0.0,0.24,0.81,0.31,0.91,0.82,0.44,0.37,0.3,0.57,0.24
1380,0.5,0.25,0.04,0.56,0.05,0.05,0.37,0.36,0.23,0.12,0.39
1381,0.5,0.22,0.05,0.7,0.05,0.05,0.24,0.27,0.26,0.06,0.23
1382,0.5,0.23,0.04,0.72,0.03,0.03,0.25,0.23,0.24,0.07,0.45
1383,0.5,0.39,0.07,0.71,0.06,0.06,0.44,0.11,0.53,0.07,0.53
1384,0.5,0.62,0.08,0.3,0.11,0.11,0.31,0.51,0.56,0.21,0.12
1385,0.5,0.37,0.56,0.52,0.55,0.6,0.51,0.62,0.37,0.43,0.13
1386,0.0,0.42,0.44,0.44,0.42,0.4,0.21,0.32,0.46,0.35,0.19
1387,0.5,0.19,0.02,0.8,0.02,0.02,0.17,0.35,0.18,0.13,0.05
1388,0.5,0.16,0.0,0.68,0.01,0.02,0.21,0.2,0.16,0.04,0.19
1389,0.5,0.1,0.03,0.89,0.04,0.03,0.19,0.31,0.1,0.16,0.05
1390,0.0,0.47,0.08,0.42,0.09,0.09,0.21,0.22,0.5,0.11,0.57
1391,0.5,0.16,0.29,0.44,0.26,0.28,0.71,0.74,0.16,0.75,0.03
1392,0.5,0.14,0.1,0.43,0.1,0.09,0.23,0.43,0.16,0.33,0.13
1393,0.5,0.1,0.03,0.61,0.09,0.06,0.8,0.58,0.11,0.25,0.14
1394,0.5,0.1,0.0,0.95,0.01,0.01,0.28,0.35,0.09,0.11,0.02
1395,0.5,0.19,0.02,0.81,0.02,0.02,0.21,0.2,0.23,0.07,0.07
1396,0.5,0.32,0.01,0.73,0.01,0.01,0.1,0.23,0.34,0.08,0.13
1397,0.5,0.21,0.24,0.78,0.19,0.2,0.37,0.47,0.24,0.47,0.32
1398,0.5,0.21,0.04,0.75,0.03,0.04,0.2,0.18,0.22,0.05,0.36
1399,0.5,0.1,0.02,0.66,0.04,0.05,0.68,0.53,0.11,0.19,0.06
1400,0.0,0.08,0.7,0.59,0.47,0.59,0.89,0.33,0.1,0.14,0.04
1401,0.5,0.11,0.0,0.8,0.0,0.0,0.22,0.28,0.13,0.09,0.03
1402,0.0,0.11,0.09,0.79,0.1,0.07,0.21,0.32,0.12,0.26,0.34
1403,0.0,0.15,0.0,0.78,0.0,0.01,0.11,0.21,0.16,0.03,0.12
1404,0.5,0.13,0.06,0.58,0.05,0.06,0.42,0.47,0.15,0.26,0.13
1405,0.0,1.0,1.0,0.35,1.0,1.0,0.06,0.22,1.0,0.41,0.45
1406,0.5,0.12,0.13,0.61,0.08,0.1,0.6,0.45,0.14,0.42,0.18
1407,0.5,0.21,0.31,0.53,0.26,0.26,0.79,0.75,0.21,0.52,0.19
1408,0.0,0.78,0.4,0.6,0.49,0.47,0.14,0.15,0.8,0.14,0.41
1409,0.5,0.2,0.02,0.82,0.02,0.01,0.43,0.39,0.17,0.14,0.0
1410,0.0,0.11,0.14,0.6,0.15,0.15,0.42,0.45,0.13,0.39,0.09
1411,0.5,0.4,0.0,0.95,0.0,0.0,0.14,0.08,0.42,0.05,0.5
1412,0.5,0.37,0.17,0.77,0.17,0.17,0.23,0.24,0.46,0.07,0.53
1413,0.0,0.16,0.0,0.86,0.03,0.03,0.23,0.21,0.18,0.07,0.21
1414,0.5,0.1,0.08,0.78,0.06,0.06,0.33,0.27,0.13,0.07,0.23
1415,0.5,0.3,0.04,0.48,0.06,0.05,0.21,0.37,0.31,0.13,0.14
1416,0.0,1.0,1.0,0.31,1.0,1.0,0.0,0.17,1.0,0.39,0.36
1417,0.5,0.29,0.17,0.81,0.15,0.16,0.24,0.37,0.32,0.28,0.27
1418,0.0,0.09,0.16,0.42,0.19,0.19,0.59,0.45,0.12,0.4,0.09
1419,0.5,0.31,0.03,0.57,0.03,0.02,0.28,0.46,0.29,0.21,0.07
1420,0.5,0.23,0.01,0.78,0.02,0.02,0.25,0.16,0.26,0.05,0.21
1421,0.0,0.31,0.76,0.48,0.76,0.78,0.43,0.53,0.39,0.97,0.3
1422,0.5,0.16,0.03,0.77,0.02,0.02,0.68,0.69,0.15,0.35,0.02
1423,0.0,0.22,0.03,0.61,0.05,0.05,0.28,0.17,0.25,0.08,0.16
1424,0.0,0.14,0.02,0.68,0.02,0.02,0.19,0.16,0.15,0.04,0.07
1425,0.0,0.2,0.11,0.52,0.08,0.08,0.12,0.22,0.22,0.07,0.31
1426,0.0,0.19,1.0,0.34,1.0,1.0,0.42,0.45,0.21,0.55,0.05
1427,0.0,0.04,0.58,0.35,0.55,0.63,0.98,0.68,0.05,0.55,0.07
1428,0.0,0.2,0.08,0.48,0.07,0.06,0.16,0.17,0.22,0.07,0.21
1429,0.5,0.24,0.12,0.47,0.12,0.1,0.52,0.67,0.23,0.54,0.04
1430,0.5,0.16,0.03,0.7,0.04,0.04,0.61,0.57,0.16,0.23,0.03
1431,0.0,0.36,0.79,0.39,0.72,0.76,0.53,0.4,0.51,0.96,0.32
1432,0.0,0.21,0.2,0.64,0.23,0.25,0.13,0.15,0.3,0.06,0.25
1433,0.5,0.15,0.06,0.91,0.05,0.05,0.11,0.19,0.18,0.06,0.12
1434,0.0,0.66,1.0,0.31,1.0,1.0,0.35,0.34,0.67,0.64,0.37
1435,0.0,0.07,0.17,0.46,0.18,0.18,0.58,0.39,0.08,0.71,0.23
1436,0.0,0.5,0.76,0.56,0.73,0.77,0.14,0.19,0.57,0.31,0.88
1437,0.0,0.11,0.07,0.15,0.11,0.1,0.26,0.29,0.15,0.15,0.45
1438,0.0,0.23,0.01,0.95,0.01,0.01,0.13,0.12,0.28,0.02,0.32
1439,0.0,0.12,0.2,0.42,0.22,0.21,0.45,0.29,0.17,0.18,0.35
1440,0.0,0.3,0.12,0.68,0.13,0.11,0.2,0.31,0.32,0.09,0.14
1441,0.5,0.18,0.3,0.55,0.26,0.27,0.94,0.83,0.19,0.8,0.11
1442,0.5,0.12,0.02,0.78,0.02,0.02,0.3,0.28,0.12,0.12,0.23
1443,0.5,0.23,0.02,0.87,0.03,0.04,0.42,0.53,0.21,0.4,0.09
1444,0.5,0.16,0.03,0.76,0.04,0.04,0.37,0.47,0.16,0.19,0.32
1445,0.0,0.22,0.01,0.8,0.01,0.01,0.26,0.17,0.26,0.08,0.76
1446,0.5,0.23,0.29,0.45,0.32,0.32,0.67,0.74,0.21,0.49,0.06
1447,0.0,0.18,0.01,0.73,0.01,0.01,0.19,0.26,0.19,0.09,0.15
1448,0.0,0.48,0.68,0.49,0.65,0.68,0.37,0.28,0.59,0.3,0.62
1449,0.5,0.1,0.27,0.53,0.2,0.22,1.0,1.0,0.12,0.83,0.06
1450,0.5,0.16,0.01,0.77,0.02,0.02,0.32,0.4,0.15,0.17,0.09
1451,0.5,0.19,0.66,0.5,0.62,0.71,0.38,0.58,0.19,1.0,0.12
1452,0.5,0.1,0.12,0.6,0.1,0.12,0.45,0.44,0.09,0.28,0.01
1453,0.0,0.26,0.16,0.47,0.2,0.21,0.24,0.26,0.32,0.12,0.76
1454,0.5,0.21,0.61,0.26,0.49,0.55,0.8,0.98,0.21,1.0,0.02
1455,0.0,0.11,0.03,0.72,0.04,0.04,0.14,0.21,0.13,0.13,0.26
1456,0.0,0.55,1.0,0.32,1.0,1.0,0.36,0.3,0.64,0.61,0.22
1457,0.5,0.23,0.08,0.56,0.14,0.14,0.7,0.86,0.21,0.64,0.03
1458,0.0,0.14,0.05,0.66,0.05,0.05,0.36,0.3,0.16,0.1,0.18
1459,0.5,0.76,1.0,0.37,1.0,1.0,0.25,0.41,0.78,0.52,0.25
1460,0.5,0.3,0.18,0.81,0.23,0.23,0.34,0.54,0.32,0.39,0.09
1461,0.5,0.25,0.09,0.15,0.09,0.09,0.19,0.16,0.2,0.11,0.11
1462,0.5,0.36,0.57,0.17,0.63,0.57,0.23,0.34,0.36,0.16,0.18
1463,0.0,0.14,0.08,0.41,0.05,0.06,0.5,0.28,0.17,0.17,0.15
1464,0.5,0.13,0.01,0.91,0.01,0.01,0.22,0.26,0.14,0.07,0.11
1465,0.5,0.15,0.02,0.17,0.02,0.01,0.11,0.19,0.14,0.11,0.4
1466,0.0,0.37,0.37,0.6,0.45,0.41,0.43,0.27,0.5,0.16,0.72
1467,0.0,0.46,0.03,0.88,0.08,0.05,0.19,0.16,0.5,0.06,0.32
1468,0.0,0.1,0.04,0.29,0.02,0.03,0.52,0.42,0.1,0.38,0.03
1469,0.5,0.2,0.16,0.55,0.19,0.19,0.71,0.72,0.18,0.52,0.01
1470,0.0,0.18,0.36,0.16,0.41,0.39,0.24,0.3,0.22,0.17,0.34
1471,0.5,0.21,0.01,0.82,0.02,0.02,0.21,0.41,0.2,0.31,0.05
1472,0.0,0.15,0.22,0.48,0.25,0.24,0.41,0.4,0.17,0.15,0.11
1473,0.0,0.74,0.26,0.66,0.28,0.27,0.22,0.14,0.77,0.05,0.31
1474,0.5,0.24,0.03,0.69,0.03,0.03,0.26,0.4,0.23,0.11,0.03
1475,0.0,0.2,0.12,0.62,0.13,0.12,0.36,0.31,0.23,0.09,0.36
1476,0.5,0.08,0.02,0.62,0.04,0.04,0.49,0.28,0.08,0.07,0.25
1477,0.5,0.85,0.15,0.55,0.14,0.15,0.08,0.07,0.95,0.01,1.0
1478,0.0,0.18,0.24,0.76,0.17,0.19,0.38,0.27,0.18,0.08,0.06
1479,0.5,0.27,0.22,0.66,0.21,0.22,0.31,0.34,0.29,0.2,0.17
1480,0.5,0.12,0.03,0.85,0.03,0.03,0.16,0.23,0.14,0.08,0.04
1481,0.0,0.19,0.11,0.8,0.09,0.1,0.33,0.43,0.21,0.34,0.24
1482,0.5,0.13,0.03,0.89,0.04,0.05,0.13,0.3,0.13,0.12,0.09
1483,0.0,0.04,0.63,0.33,0.48,0.58,1.0,0.32,0.07,0.2,0.05
1484,0.5,0.11,0.06,0.33,0.05,0.05,0.42,0.48,0.12,0.43,0.02
1485,0.5,0.2,0.08,0.45,0.1,0.08,0.33,0.36,0.18,0.11,0.11
1486,0.5,0.14,0.01,0.78,0.01,0.01,0.17,0.2,0.14,0.07,0.26
1487,0.5,0.41,0.56,0.41,0.73,0.71,0.51,0.63,0.37,0.84,0.15
1488,0.0,0.52,0.33,0.35,0.34,0.37,0.24,0.33,0.58,0.48,0.2
1489,0.5,0.25,0.01,0.83,0.03,0.02,0.24,0.56,0.22,0.38,0.09
1490,0.5,0.29,0.01,0.87,0.03,0.03,0.24,0.13,0.31,0.06,0.71
1491,0.0,1.0,0.33,0.73,0.41,0.34,0.13,0.07,1.0,0.01,0.22
1492,0.0,1.0,1.0,0.38,1.0,1.0,0.24,0.26,1.0,0.4,0.97
1493,0.0,0.14,0.04,0.78,0.04,0.03,0.16,0.17,0.16,0.03,0.24
1494,0.5,0.19,0.03,0.69,0.05,0.03,0.47,0.54,0.17,0.21,0.11
1495,0.5,0.13,0.09,0.81,0.09,0.1,0.51,0.35,0.11,0.09,0.05
1496,0.5,0.39,0.26,0.55,0.28,0.27,0.33,0.54,0.38,0.47,0.14
1497,0.5,0.13,0.27,0.36,0.21,0.25,1.0,0.84,0.11,0.93,0.04
1498,0.5,0.15,0.02,0.91,0.01,0.01,0.29,0.36,0.12,0.13,0.03
1499,0.5,0.14,0.17,0.36,0.17,0.17,0.33,0.46,0.18,0.34,0.14
1500,0.5,0.17,0.01,0.83,0.01,0.01,0.11,0.19,0.19,0.05,0.3
1501,0.5,0.2,0.09,0.57,0.07,0.08,0.28,0.39,0.18,0.12,0.07
1502,0.0,0.22,0.14,0.63,0.15,0.13,0.15,0.12,0.24,0.1,0.4
1503,0.0,0.15,0.36,0.5,0.39,0.38,0.5,0.54,0.2,0.75,0.16
1504,0.0,0.58,0.57,0.57,0.57,0.57,0.2,0.25,0.65,0.22,0.45
1505,0.0,0.12,0.03,0.54,0.03,0.03,0.23,0.22,0.12,0.21,0.1
1506,0.5,0.16,0.12,0.89,0.1,0.09,0.22,0.25,0.19,0.06,0.05
1507,0.5,0.25,0.2,0.18,0.18,0.18,0.21,0.17,0.23,0.09,0.17
1508,0.0,0.16,0.08,0.76,0.07,0.08,0.32,0.2,0.21,0.12,0.33
1509,0.5,0.17,0.05,0.78,0.06,0.05,0.37,0.6,0.15,0.51,0.04
1510,0.5,0.36,0.39,0.52,0.44,0.43,0.25,0.45,0.39,0.52,0.28
1511,0.0,0.11,0.09,0.72,0.08,0.09,0.34,0.18,0.13,0.07,0.7
1512,0.5,0.17,0.07,0.81,0.09,0.06,0.38,0.36,0.19,0.11,0.03
1513,0.0,0.39,0.78,0.52,0.8,0.82,0.36,0.3,0.5,0.49,0.87
1514,0.5,0.24,0.19,0.22,0.17,0.16,0.3,0.17,0.22,0.11,0.13
1515,0.5,0.16,0.35,0.4,0.24,0.29,0.88,0.86,0.13,0.69,0.03
1516,0.0,0.23,0.2,0.25,0.2,0.22,0.22,0.15,0.23,0.1,0.27
1517,0.5,0.38,0.02,0.84,0.02,0.02,0.25,0.16,0.42,0.04,0.61
1518,0.5,0.19,0.02,0.64,0.02,0.03,0.18,0.31,0.19,0.32,0.1
1519,0.5,0.22,0.24,0.59,0.2,0.21,0.34,0.41,0.25,0.47,0.4
1520,0.5,0.15,0.14,0.7,0.13,0.12,0.69,0.76,0.15,0.56,0.08
1521,0.5,0.2,0.07,0.5,0.04,0.06,0.34,0.54,0.16,0.21,0.03
1522,0.5,0.11,0.08,0.59,0.08,0.1,0.9,0.66,0.09,0.27,0.05
1523,0.0,0.1,0.12,0.61,0.09,0.11,0.56,0.25,0.12,0.09,0.02
1524,0.0,0.13,0.09,0.42,0.11,0.09,0.33,0.35,0.17,0.24,0.22
1525,0.5,0.13,0.11,0.79,0.11,0.12,0.19,0.34,0.15,0.14,0.2
1526,0.0,0.09,0.03,0.86,0.03,0.03,0.27,0.28,0.1,0.09,0.17
1527,0.5,0.26,0.08,0.84,0.11,0.11,0.29,0.46,0.27,0.37,0.15
1528,0.5,0.31,0.01,0.59,0.02,0.01,0.59,0.73,0.27,0.61,0.04
1529,0.0,0.09,0.02,0.87,0.02,0.02,0.14,0.17,0.09,0.04,0.41
1530,0.5,0.18,0.19,0.86,0.16,0.18,0.2,0.3,0.2,0.08,0.06
1531,0.0,0.45,0.03,0.95,0.09,0.03,0.14,0.11,0.48,0.06,0.14
1532,0.5,0.12,0.27,0.13,0.3,0.29,0.51,0.54,0.12,0.31,0.21
1533,0.0,0.07,0.09,0.14,0.07,0.07,0.28,0.22,0.07,0.14,0.23
1534,0.0,0.4,0.13,0.65,0.18,0.15,0.14,0.14,0.45,0.01,0.68
1535,0.5,0.23,0.05,0.0,0.08,0.08,0.32,0.55,0.23,0.37,0.09
1536,0.0,0.17,0.44,0.17,0.43,0.44,0.35,0.33,0.24,0.25,0.28
1537,0.0,0.34,0.75,0.49,0.71,0.74,0.34,0.21,0.44,0.26,0.38
1538,0.0,0.11,0.03,0.16,0.06,0.04,0.14,0.23,0.09,0.13,0.14
1539,0.5,0.14,0.06,0.79,0.09,0.1,0.36,0.61,0.12,0.49,0.03
1540,0.0,0.22,0.04,0.7,0.04,0.04,0.21,0.16,0.24,0.07,0.7
1541,0.0,0.18,0.03,0.58,0.03,0.04,0.06,0.11,0.22,0.13,0.7
1542,0.0,0.24,0.06,0.74,0.05,0.05,0.27,0.11,0.35,0.07,0.35
1543,0.0,0.25,0.33,0.3,0.29,0.3,0.32,0.2,0.33,0.12,0.4
1544,0.5,0.14,0.02,0.63,0.04,0.03,0.35,0.52,0.14,0.4,0.14
1545,0.5,0.19,0.02,0.66,0.04,0.02,0.33,0.44,0.19,0.16,0.02
1546,0.5,0.12,0.02,0.71,0.06,0.05,0.28,0.27,0.11,0.12,0.14
1547,0.5,0.51,0.15,0.56,0.13,0.15,0.09,0.28,0.49,0.24,0.16
1548,0.0,0.28,0.19,0.37,0.16,0.18,0.53,0.31,0.32,0.19,0.2
1549,0.5,0.77,0.3,0.45,0.26,0.29,0.13,0.19,0.79,0.11,0.32
1550,0.5,0.15,0.15,0.71,0.13,0.13,0.69,0.62,0.17,0.48,0.08
1551,0.0,0.32,0.06,0.88,0.07,0.07,0.16,0.21,0.33,0.03,0.31
1552,0.0,1.0,1.0,0.41,1.0,1.0,0.03,0.2,1.0,0.41,0.63
1553,0.0,1.0,0.02,0.99,0.06,0.03,0.08,0.07,1.0,0.01,0.17
1554,0.5,0.24,0.07,0.64,0.1,0.09,0.45,0.44,0.21,0.17,0.04
1555,0.0,0.19,0.13,0.75,0.09,0.1,0.44,0.22,0.25,0.11,0.51
1556,0.5,0.16,0.01,0.62,0.01,0.01,0.34,0.28,0.18,0.07,0.1
1557,0.5,0.51,0.13,0.22,0.09,0.11,0.25,0.31,0.55,0.09,0.11
1558,0.0,0.39,0.1,0.66,0.11,0.1,0.25,0.22,0.46,0.08,0.24
1559,0.5,0.23,0.0,0.84,0.0,0.0,0.13,0.33,0.21,0.12,0.16
1560,0.5,0.21,0.14,0.64,0.13,0.15,0.58,0.75,0.2,0.49,0.07
1561,0.0,0.12,0.01,0.71,0.0,0.01,0.17,0.21,0.13,0.02,0.04
1562,0.5,0.18,0.05,0.47,0.04,0.04,0.59,0.53,0.16,0.23,0.12
1563,0.5,0.32,0.04,0.8,0.05,0.05,0.24,0.15,0.36,0.04,0.39
1564,0.0,0.53,0.21,0.8,0.28,0.23,0.13,0.24,0.54,0.08,0.49
1565,0.5,0.21,0.03,0.44,0.02,0.02,0.53,0.39,0.23,0.17,0.21
1566,0.0,0.16,0.91,0.38,0.81,0.85,0.42,0.5,0.19,0.59,0.05
1567,0.5,0.68,0.43,0.56,0.46,0.45,0.13,0.36,0.67,0.32,0.55
1568,0.5,0.16,0.26,0.54,0.23,0.27,0.73,0.68,0.16,0.45,0.11
1569,0.5,0.17,0.08,0.32,0.08,0.09,0.29,0.2,0.16,0.1,0.47
1570,0.5,0.41,0.0,0.52,0.01,0.01,0.16,0.2,0.42,0.07,0.3
1571,0.5,0.31,0.03,0.49,0.03,0.03,0.19,0.43,0.31,0.19,0.16
1572,0.5,0.54,0.88,0.46,0.77,0.85,0.21,0.42,0.59,0.39,0.1
1573,0.0,0.16,0.22,0.75,0.16,0.19,0.54,0.21,0.15,0.13,0.16
1574,0.5,0.17,0.19,0.48,0.21,0.19,0.7,0.81,0.16,0.87,0.03
1575,0.5,0.18,0.02,0.78,0.04,0.02,0.32,0.29,0.19,0.1,0.23
1576,0.5,0.12,0.02,0.6,0.03,0.03,0.24,0.19,0.14,0.03,0.11
1577,0.5,0.26,0.12,0.17,0.11,0.11,0.69,0.49,0.21,0.86,0.0
1578,0.5,0.24,0.06,0.75,0.06,0.08,0.49,0.6,0.23,0.42,0.03
1579,0.0,0.6,0.21,0.69,0.24,0.21,0.08,0.15,0.63,0.03,0.24
1580,0.5,0.17,0.03,0.78,0.02,0.02,0.19,0.22,0.2,0.05,1.0
1581,0.0,0.47,0.14,0.59,0.16,0.16,0.18,0.3,0.59,0.14,0.71
1582,0.0,0.22,0.66,0.43,0.65,0.67,0.48,0.55,0.28,0.97,0.18
1583,0.0,0.17,0.04,0.8,0.03,0.03,0.26,0.15,0.2,0.06,0.25
1584,0.0,0.19,0.29,0.63,0.23,0.25,0.31,0.25,0.22,0.12,0.25
1585,0.5,0.18,0.13,0.54,0.12,0.13,0.45,0.36,0.2,0.16,0.74
1586,0.5,0.32,0.09,0.75,0.09,0.09,0.21,0.16,0.46,0.04,0.87
1587,0.0,0.13,0.19,0.8,0.18,0.2,0.47,0.3,0.22,0.23,0.49
1588,0.5,0.25,0.25,0.84,0.26,0.24,0.34,0.39,0.3,0.2,0.12
1589,0.5,0.23,0.01,0.85,0.03,0.03,0.29,0.15,0.25,0.07,0.4
1590,0.5,0.13,0.01,0.76,0.03,0.01,0.47,0.47,0.12,0.2,0.05
1591,0.0,0.14,0.17,0.28,0.14,0.15,0.25,0.15,0.22,0.11,0.86
1592,0.5,0.19,0.05,0.6,0.05,0.04,0.26,0.25,0.2,0.07,0.21
1593,0.0,0.15,0.04,0.46,0.02,0.03,0.2,0.14,0.17,0.09,0.09
1594,0.5,0.7,0.5,0.5,0.51,0.5,0.25,0.17,0.7,0.1,0.43
