id,pct_empl_prof_serv,med_own_cost_pct_inc,num_in_shelters,pct_work_mom_young_kids,hous_vacant,pct_same_city85,pct_w_farm_self,white_per_cap,pct_hous_occup,pop_dens,violent_crimes_per_pop
0,0.36,0.33,0.0,0.66,0.03,0.86,0.08,0.27,0.59,0.15,0.62
1,0.46,0.64,0.0,0.35,0.02,0.76,0.56,0.59,0.79,0.03,0.01
2,0.45,0.39,0.18,0.65,1.0,0.83,0.22,0.41,0.7,0.2,0.67
3,0.35,0.73,0.0,0.36,0.03,0.73,0.17,0.4,0.86,0.75,0.34
4,0.63,0.44,0.32,0.44,0.38,0.63,0.26,0.3,0.6,0.12,0.33
5,0.51,0.66,0.0,0.36,0.03,0.83,0.25,0.53,0.74,0.05,0.03
6, , , , , , , , , , , 
7, , , , , , , , , , , 
8, , , , , , , , , , , 
9,0.33,0.5,0.0,0.35,0.01,0.75,0.07,0.33,0.93,0.28,0.23
10,0.4,0.41,0.0,0.45,0.03,0.88,0.17,0.36,0.81,0.14,0.25
11,0.34,0.6,0.0,0.57,0.01,0.68,0.2,0.35,0.83,0.38,0.39
12, , , , , , , , , , , 
13, , , , , , , , , , , 
14, , , , , , , , , , , 
15,0.43,0.53,0.0,0.48,0.01,0.79,0.2,0.41,0.83,0.05,0.15
16,0.77,0.49,0.0,0.17,0.01,0.73,0.4,1.0,0.88,0.24,0.02
17, , , , , , , , , , , 
18, , , , , , , , , , , 
19,0.34,0.46,0.0,0.94,0.01,0.7,0.58,0.2,0.9,0.14,0.02
20, , , , , , , , , , , 
21, , , , , , , , , , , 
22,0.39,0.56,0.01,0.5,0.02,0.64,0.18,0.36,0.83,0.14,0.01
23, , , , , , , , , , , 
24, , , , , , , , , , , 
25,0.94,0.3,0.0,0.67,0.01,0.66,0.2,0.47,0.93,0.68,0.1
26,0.25,0.52,0.0,0.63,0.01,0.77,0.2,0.34,0.85,0.09,0.12
27,0.36,0.85,0.0,0.53,0.03,0.63,0.35,0.72,0.9,0.25,0.06
28,0.25,0.45,0.01,0.29,0.03,0.41,0.4,0.26,0.81,0.11,0.38
29, , , , , , , , , , , 
30,0.16,0.7,0.0,0.25,0.01,0.28,0.85,0.38,0.89,0.14,0.25
31,0.62,0.28,0.0,0.42,0.02,0.88,0.16,0.33,0.82,0.57,0.05
32,0.38,0.14,0.0,0.8,0.02,0.82,0.13,0.17,0.74,0.22,0.03
33, , , , , , , , , , , 
34,0.45,0.63,0.01,0.2,0.02,0.49,0.59,0.58,0.8,0.05,0.04
35,0.42,0.27,0.02,0.49,0.02,0.6,0.04,0.24,0.77,0.15,0.1
36,0.5,0.2,0.0,0.86,0.01,0.55,1.0,0.23,0.88,0.11,0.01
37,0.41,0.32,0.0,0.59,0.0,0.68,0.07,0.3,0.96,0.35,0.12
38, , , , , , , , , , , 
39, , , , , , , , , , , 
40,0.44,0.5,0.0,0.53,0.01,0.81,0.33,0.56,0.87,0.04,0.04
41,0.78,0.61,0.0,0.82,0.03,0.48,0.17,0.32,0.61,0.02,0.06
42,0.43,0.54,0.75,0.36,0.47,0.6,0.16,0.38,0.78,0.32,0.53
43, , , , , , , , , , , 
44,0.27,0.74,0.0,0.75,0.03,0.62,0.22,0.48,0.88,0.51,0.12
45,0.64,0.13,0.0,0.2,0.02,0.68,0.07,0.22,0.78,0.21,0.0
46,0.41,0.7,0.0,0.58,0.12,0.48,0.12,0.28,0.52,0.07,0.04
47, , , , , , , , , , , 
48,0.84,0.44,0.0,0.43,0.0,0.69,0.53,0.73,0.96,0.56,0.01
49,0.28,0.56,0.0,0.23,0.01,0.0,0.25,0.17,0.88,0.07,0.1
50,0.63,0.51,0.0,0.32,0.01,0.7,0.44,0.89,0.92,0.36,0.04
51,0.46,0.42,0.01,0.38,0.07,0.84,0.14,0.35,0.75,0.1,0.22
52,0.51,0.46,0.1,0.38,0.03,0.61,0.16,0.28,0.79,0.24,0.45
53, , , , , , , , , , , 
54,0.2,0.37,0.0,0.45,0.03,0.54,0.3,0.3,0.84,0.14,0.18
55,0.49,0.42,0.0,0.37,0.06,0.61,0.74,0.15,0.41,0.13,0.29
56,0.25,0.35,0.01,0.79,0.02,0.83,0.18,0.26,0.75,0.09,0.4
57,0.59,0.63,0.05,0.44,0.04,0.82,0.28,0.59,0.84,0.64,0.38
58,0.31,0.54,0.01,0.47,0.02,0.73,0.15,0.23,0.73,0.41,0.1
59,0.35,0.18,0.02,0.29,0.06,0.7,0.25,0.29,0.74,0.09,0.24
60,0.51,0.14,0.0,0.69,0.01,0.84,0.22,0.36,0.85,0.15,0.14
61,0.32,0.42,0.0,0.63,0.01,0.55,0.55,0.23,0.81,0.08,0.07
62, , , , , , , , , , , 
63,0.55,0.27,0.01,0.57,0.08,0.59,0.36,0.21,0.66,0.14,0.14
64, , , , , , , , , , , 
65,0.47,0.18,0.0,0.39,0.03,0.95,0.11,0.2,0.69,0.33,0.05
66,0.45,0.37,0.08,0.56,0.28,0.56,0.23,0.33,0.35,0.15,0.63
67, , , , , , , , , , , 
68,0.31,0.16,0.0,0.35,0.03,0.84,0.16,0.16,0.54,0.04,0.04
69, , , , , , , , , , , 
70, , , , , , , , , , , 
71,0.34,0.59,0.0,0.29,0.01,0.79,1.0,0.12,0.91,0.33,0.55
72,0.36,0.59,0.13,0.48,1.0,0.46,0.27,0.29,0.0,0.22,0.3
73,0.38,0.68,0.0,0.36,0.2,0.72,0.19,0.33,0.0,0.04,0.15
74, , , , , , , , , , , 
75, , , , , , , , , , , 
76,0.3,0.23,0.01,0.33,0.02,0.56,0.22,0.18,0.76,0.17,0.22
77, , , , , , , , , , , 
78,0.27,0.63,0.01,0.59,0.05,0.5,0.71,0.37,0.54,0.04,0.5
79,0.34,0.41,0.09,0.61,0.07,0.74,0.17,0.27,0.89,0.18,0.18
80, , , , , , , , , , , 
81, , , , , , , , , , , 
82, , , , , , , , , , , 
83,0.67,0.4,0.27,0.53,0.09,0.44,0.28,0.3,0.88,0.25,0.16
84, , , , , , , , , , , 
85,0.4,0.57,0.0,0.66,0.03,0.56,0.19,0.58,0.81,0.22,0.12
86, , , , , , , , , , , 
87, , , , , , , , , , , 
88,0.15,0.37,0.0,0.72,0.02,0.75,0.36,0.19,0.69,0.08,0.24
89,0.46,0.6,0.01,0.34,0.04,0.77,0.22,0.58,0.7,0.19,0.09
90,0.24,0.35,0.01,0.47,0.03,0.76,0.26,0.18,0.78,0.11,0.16
91,0.2,0.66,0.01,0.38,0.01,0.91,0.07,0.19,0.96,0.62,0.56
92,0.67,0.38,0.04,0.79,0.02,0.5,0.13,0.3,0.79,0.28,0.15
93,0.53,0.35,0.0,0.57,0.01,0.78,0.37,0.2,0.75,0.01,0.04
94,0.42,0.47,0.02,0.36,0.11,0.55,0.21,0.32,0.55,0.12,0.67
95, , , , , , , , , , , 
96,0.61,0.56,0.0,0.3,0.02,0.87,0.27,0.12,0.62,0.2,0.61
97, , , , , , , , , , , 
98,0.36,0.48,0.01,0.62,0.03,0.32,0.38,0.39,0.85,0.24,0.09
99,0.69,0.34,0.09,0.75,0.25,0.26,0.22,0.35,0.65,0.16,0.82
100,0.27,0.92,0.03,0.48,0.23,0.33,0.27,0.37,0.65,0.26,0.42
101,1.0,0.34,0.0,0.54,0.04,0.77,0.2,0.54,0.87,0.56,0.02
102, , , , , , , , , , , 
103, , , , , , , , , , , 
104, , , , , , , , , , , 
105,0.63,0.61,0.2,0.6,0.09,0.84,0.17,0.33,0.76,1.0,1.0
106,0.26,0.55,0.01,0.21,0.01,0.53,0.49,0.17,0.92,0.27,0.22
107,0.28,0.67,0.0,0.29,0.06,0.55,0.23,0.46,0.8,0.12,0.06
108,0.61,0.59,0.04,0.49,0.04,0.13,0.41,0.19,0.82,0.15,0.19
109,0.23,0.23,0.0,0.23,0.03,0.82,0.74,0.07,0.37,0.14,0.1
110, , , , , , , , , , , 
111,0.51,0.41,0.0,0.46,0.0,0.83,0.0,0.68,1.0,0.17,0.04
112,0.38,0.53,0.0,0.48,0.01,0.75,0.22,0.38,0.83,0.03,0.27
113,0.57,0.56,0.01,0.31,0.03,0.41,0.36,0.55,0.79,0.12,0.04
114,0.39,0.46,0.0,0.6,0.02,0.72,0.43,0.37,0.86,0.16,0.08
115,0.45,0.58,0.0,0.43,0.04,0.74,0.4,0.51,0.7,0.1,0.17
116, , , , , , , , , , , 
117,0.37,0.48,0.0,0.94,0.01,0.63,0.26,0.41,0.88,0.11,0.12
118, , , , , , , , , , , 
119, , , , , , , , , , , 
120,0.42,0.77,0.03,0.57,0.02,0.64,0.1,0.52,0.88,0.24,0.14
121, , , , , , , , , , , 
122,0.39,0.7,0.23,0.28,0.61,0.63,0.17,0.5,0.74,0.72,0.67
123,0.57,0.46,0.03,0.32,0.01,0.61,0.35,1.0,0.87,0.11,0.04
124, , , , , , , , , , , 
125,1.0,0.69,0.29,0.6,0.12,0.39,0.27,0.59,0.82,0.82,0.67
126,0.36,0.44,0.0,0.42,0.01,0.59,0.2,0.23,0.89,0.26,0.19
127,0.1,0.51,0.0,0.67,0.12,0.07,0.29,0.25,0.28,0.2,0.5
128,0.37,0.61,0.0,0.35,0.09,0.56,0.12,0.37,0.69,0.24,0.15
129,0.4,0.44,0.02,0.43,0.03,0.8,0.27,0.3,0.84,0.07,0.37
130, , , , , , , , , , , 
131,0.42,0.29,0.0,0.37,0.01,0.68,0.25,0.44,0.87,0.13,0.01
132, , , , , , , , , , , 
133,0.29,0.65,0.0,0.48,0.01,0.79,0.22,0.48,0.9,0.6,0.03
134,0.44,0.84,0.0,0.25,0.12,0.57,0.08,0.32,0.54,0.04,0.04
135, , , , , , , , , , , 
136, , , , , , , , , , , 
137, , , , , , , , , , , 
138,0.46,0.38,0.02,0.6,0.05,0.45,0.44,0.35,0.76,0.17,0.13
139, , , , , , , , , , , 
140,0.54,0.09,0.03,0.9,0.04,0.76,0.11,0.34,0.68,0.04,1.0
141,0.26,0.21,0.0,0.64,0.0,0.89,0.3,0.23,0.95,0.21,0.03
142,0.62,0.38,0.0,0.86,0.01,0.58,1.0,0.19,0.83,0.14,0.08
143,0.43,0.45,0.0,0.43,0.08,0.38,0.24,0.22,0.47,0.13,0.2
144,0.64,0.55,0.0,0.42,0.03,0.2,0.38,0.25,0.56,0.09,0.34
145,0.33,0.56,1.0,0.51,1.0,0.65,0.21,0.34,0.48,0.2,0.45
146, , , , , , , , , , , 
147,0.2,0.5,0.01,0.51,0.02,0.32,0.19,0.32,0.71,0.11,0.15
148,0.57,0.42,0.0,0.3,0.01,0.88,0.37,0.5,0.92,0.19,0.05
149, , , , , , , , , , , 
150,0.3,0.13,0.0,0.35,0.08,0.64,0.65,0.31,0.18,0.21,0.24
151,0.37,0.23,0.09,0.68,0.03,0.6,0.68,0.21,0.82,0.22,0.18
152,0.29,0.54,0.0,0.21,0.01,0.8,0.27,0.45,0.92,0.41,0.04
153,0.36,0.58,0.0,0.52,0.4,0.62,0.13,0.3,0.48,0.24,0.34
154,0.85,0.32,0.0,0.76,0.04,0.69,0.88,0.18,0.37,0.12,1.0
155, , , , , , , , , , , 
156,0.33,0.2,0.01,0.38,0.02,0.49,0.26,0.23,0.63,0.15,0.12
157, , , , , , , , , , , 
158, , , , , , , , , , , 
159, , , , , , , , , , , 
160, , , , , , , , , , , 
161,0.24,0.26,0.0,0.81,0.01,0.59,0.0,0.29,0.77,0.18,0.06
162, , , , , , , , , , , 
163,0.47,0.58,0.01,0.39,0.02,0.75,0.09,0.41,0.9,0.19,0.04
164,0.22,0.03,0.0,0.29,0.01,0.8,0.07,0.17,0.83,0.14,0.29
165,0.44,0.39,0.03,0.65,0.08,0.58,0.42,0.28,0.71,0.22,0.08
166,0.46,0.06,0.0,0.79,0.02,0.69,0.1,0.38,0.78,0.23,0.08
167,0.59,0.18,0.0,0.02,0.06,0.81,0.08,0.17,0.58,0.18,0.27
168,0.36,0.34,0.02,0.2,0.05,0.22,0.07,0.22,0.76,0.16,0.26
169,0.32,0.32,0.0,0.77,0.02,0.76,0.37,0.26,0.71,0.15,0.96
170, , , , , , , , , , , 
171,0.35,0.22,0.0,0.38,0.03,0.56,0.21,0.21,0.85,0.21,0.1
172,0.27,0.25,0.0,0.5,0.01,0.87,0.03,0.29,0.83,0.34,0.05
173,0.36,0.62,0.01,0.26,0.01,0.53,0.57,0.64,0.88,0.02,0.02
174,0.37,0.53,0.0,0.63,0.03,0.66,0.32,0.42,0.49,0.02,0.05
175,0.58,0.46,0.01,0.58,0.08,0.65,0.18,0.33,0.63,0.14,0.55
176,0.51,0.74,0.09,0.34,0.05,0.74,0.06,0.22,0.59,0.58,0.64
177,0.54,0.63,0.0,0.66,0.01,0.57,0.58,0.42,0.74,0.02,0.04
178, , , , , , , , , , , 
179, , , , , , , , , , , 
180,0.26,0.69,0.0,0.45,0.06,0.74,0.08,0.34,0.81,0.85,0.7
181,0.26,0.77,0.04,0.55,0.02,0.6,0.63,0.26,0.81,0.28,0.38
182,0.47,0.51,0.0,0.51,0.0,0.39,0.34,0.39,0.9,0.06,0.15
183, , , , , , , , , , , 
184, , , , , , , , , , , 
185,0.55,0.54,0.0,0.52,0.01,0.53,0.41,0.46,0.86,0.06,0.06
186, , , , , , , , , , , 
187,0.36,0.4,0.0,0.81,0.12,0.66,0.11,0.33,0.37,0.21,0.65
188,0.89,0.47,0.0,0.44,0.02,0.78,0.33,0.87,0.91,0.15,0.01
189,0.25,0.2,0.0,0.79,0.01,0.78,0.0,0.25,0.81,0.12,0.45
190,0.53,0.4,0.1,0.51,0.09,0.44,0.37,0.26,0.87,0.22,0.14
191,0.57,0.32,0.0,0.59,0.01,1.0,0.08,0.26,0.9,0.14,0.19
192,0.32,0.34,0.0,0.55,0.01,0.72,0.16,0.33,0.93,0.26,0.07
193,0.24,0.77,0.01,0.5,0.06,0.5,0.29,0.46,0.89,0.25,0.1
194,0.42,0.31,0.0,0.64,0.02,0.4,0.43,0.46,0.61,0.08,0.05
195, , , , , , , , , , , 
196,0.76,0.33,0.03,0.51,0.12,0.78,0.12,0.36,0.55,0.17,1.0
197,0.88,0.4,0.0,0.32,0.01,0.0,1.0,0.04,0.87,0.28,0.02
198, , , , , , , , , , , 
199,0.48,0.58,0.0,0.2,0.09,0.73,0.12,0.57,0.52,1.0,0.16
200,0.25,0.38,0.01,0.64,0.04,0.71,0.17,0.32,0.73,0.1,0.3
201,0.29,0.36,0.0,0.82,0.03,0.53,0.17,0.4,0.72,0.34,0.12
202,0.12,0.42,0.0,0.55,0.02,0.44,0.06,0.23,0.63,0.06,0.12
203,0.32,0.54,0.01,0.63,0.04,0.73,0.16,0.36,0.84,0.11,0.17
204,0.29,0.63,0.0,0.53,0.01,0.9,0.12,0.3,0.89,0.04,0.18
205,0.39,0.77,0.12,0.47,0.26,0.81,0.14,0.34,0.65,0.74,0.79
206,0.61,0.21,0.05,0.67,0.06,0.69,0.32,0.26,0.76,0.27,0.08
207, , , , , , , , , , , 
208, , , , , , , , , , , 
209,0.35,0.47,0.0,0.7,0.04,0.85,0.1,0.29,0.93,0.47,0.1
210,0.44,0.61,0.0,0.41,0.0,0.76,0.15,0.62,0.92,0.12,0.01
211, , , , , , , , , , , 
212, , , , , , , , , , , 
213, , , , , , , , , , , 
214,0.55,0.51,0.22,0.7,0.26,0.19,0.19,0.85,0.65,0.61,0.27
215, , , , , , , , , , , 
216, , , , , , , , , , , 
217,0.21,0.24,0.0,0.36,0.01,0.85,0.12,0.16,0.79,0.3,0.03
218,0.48,0.41,0.01,0.67,0.08,0.68,0.26,0.31,0.71,0.1,0.7
219,0.36,0.27,0.0,0.02,0.03,0.82,1.0,0.21,0.51,0.19,0.29
220, , , , , , , , , , , 
221,0.28,0.06,0.0,0.94,0.01,0.95,0.25,0.23,0.88,0.28,0.26
222,0.17,0.51,0.02,0.28,0.08,0.56,0.43,0.21,0.42,0.19,1.0
223,0.25,0.37,0.0,0.62,0.04,0.73,0.15,0.25,0.55,0.08,0.86
224,0.53,0.34,0.08,0.44,0.05,0.4,0.19,0.28,0.85,0.2,0.14
225,0.38,0.44,0.0,0.26,0.04,0.66,0.32,0.13,0.45,0.06,0.28
226,0.39,0.51,0.0,0.44,0.01,0.76,0.05,0.46,0.85,0.18,0.03
227,0.34,0.53,0.0,0.29,0.05,0.58,0.12,0.39,0.19,0.03,0.08
228,0.5,0.53,0.0,0.52,0.01,0.88,0.21,0.46,0.94,0.28,0.03
229,0.32,0.51,0.02,0.87,0.03,0.59,0.46,0.21,0.58,0.08,0.11
230,0.29,0.07,0.01,0.84,0.01,0.82,0.28,0.2,0.82,0.19,0.08
231,0.35,0.13,0.0,0.76,0.01,0.68,0.53,0.24,0.86,0.16,0.01
232,0.64,0.39,0.02,0.51,0.05,0.24,0.84,0.17,0.69,0.1,0.28
233, , , , , , , , , , , 
234,0.57,0.4,0.32,0.65,0.65,0.86,0.17,0.33,0.57,0.15,1.0
235, , , , , , , , , , , 
236,0.39,0.37,0.0,0.55,0.04,0.74,0.34,0.42,0.75,0.26,0.19
237,0.49,0.26,0.0,0.4,0.04,0.82,0.21,0.24,0.71,0.23,0.17
238,0.37,0.55,0.0,0.47,0.01,0.94,0.08,0.23,0.84,0.5,0.35
239,0.5,0.49,0.09,0.64,0.07,0.44,0.61,0.26,0.76,0.13,0.18
240, , , , , , , , , , , 
241,0.19,0.43,0.05,0.87,0.01,0.88,0.0,0.22,0.81,0.37,0.21
242,0.56,0.54,0.28,0.65,1.0,0.45,0.36,0.39,0.52,0.18,0.25
243,0.58,0.46,0.0,0.61,0.02,0.72,0.08,0.46,0.89,0.19,0.09
244,0.47,0.61,0.0,0.26,0.09,0.26,0.29,0.6,0.0,0.06,0.17
245,0.56,0.28,0.02,0.53,0.07,0.7,0.38,0.34,0.58,0.11,0.33
246, , , , , , , , , , , 
247,0.9,0.44,0.04,0.63,0.02,0.49,0.28,0.63,0.87,0.53,0.38
248,0.73,0.54,1.0,0.44,1.0,0.52,0.15,0.46,0.64,0.99,0.81
249, , , , , , , , , , , 
250,0.34,0.13,0.0,0.82,0.02,0.78,0.32,0.2,0.77,0.19,0.41
251,0.43,0.49,0.0,0.64,0.06,0.23,0.36,0.53,0.77,0.12,0.07
252,0.2,0.37,0.0,0.7,0.42,0.44,0.31,0.43,0.54,0.19,0.17
253,0.38,0.42,0.01,0.61,0.01,0.4,0.27,0.2,0.92,0.26,0.1
254,0.31,0.7,0.01,0.86,0.02,0.28,0.23,0.52,0.78,0.32,0.05
255, , , , , , , , , , , 
256,0.39,0.35,0.0,0.23,0.02,0.47,1.0,0.3,0.6,0.17,0.04
257,0.27,0.28,0.01,0.56,0.02,0.77,0.14,0.17,0.67,0.15,0.05
258,0.52,0.54,0.0,0.43,0.18,0.48,0.31,0.5,0.0,0.19,0.15
259,0.35,0.65,0.0,0.53,0.01,0.45,0.62,0.55,0.81,0.09,0.02
260,0.59,0.5,0.0,0.31,0.01,0.8,0.17,0.63,0.9,0.39,0.08
261, , , , , , , , , , , 
262,0.42,0.14,0.0,0.69,0.03,0.58,0.62,0.25,0.84,0.14,0.1
263,0.57,0.84,0.0,0.53,0.02,0.58,0.32,0.32,0.84,0.08,0.14
264, , , , , , , , , , , 
265,0.46,0.22,0.0,0.45,0.08,0.84,0.21,0.27,0.61,0.05,0.28
266,0.23,0.71,0.04,0.48,0.12,0.68,0.13,0.27,0.8,0.75,0.54
267, , , , , , , , , , , 
268, , , , , , , , , , , 
269, , , , , , , , , , , 
270,0.56,0.34,0.0,0.52,0.01,0.93,0.13,0.42,0.91,0.37,0.02
271, , , , , , , , , , , 
272,0.47,0.56,0.0,0.7,0.04,0.68,0.33,0.3,0.48,0.03,0.03
273,0.26,0.28,0.0,0.48,0.03,0.59,0.18,0.28,0.59,0.1,0.32
274, , , , , , , , , , , 
275, , , , , , , , , , , 
276,0.48,0.35,0.07,0.59,0.06,0.75,0.19,0.38,0.73,0.2,1.0
277, , , , , , , , , , , 
278, , , , , , , , , , , 
279,0.5,0.33,0.0,0.38,0.03,0.74,0.88,0.14,0.54,0.22,0.14
280,0.31,0.47,0.0,0.42,0.03,0.6,0.28,0.59,0.9,0.17,0.06
281,0.62,0.55,0.0,0.39,0.03,0.34,0.47,0.34,0.71,0.12,0.32
282,0.24,0.77,0.01,0.19,0.07,0.22,0.1,0.23,0.64,0.08,0.36
283,0.48,0.68,0.0,0.08,0.02,0.49,0.5,0.65,0.65,0.03,0.02
284,0.39,0.59,0.01,0.61,0.28,0.54,0.15,0.46,0.1,0.25,0.56
285, , , , , , , , , , , 
286,0.41,0.56,0.05,0.62,0.22,0.56,0.15,0.43,0.34,0.29,0.76
287, , , , , , , , , , , 
288,0.44,0.55,0.05,0.56,0.02,0.54,0.33,0.21,0.84,0.23,0.09
289, , , , , , , , , , , 
290,0.48,0.63,0.1,0.57,0.04,0.52,0.32,0.71,0.86,0.24,0.23
291,0.55,0.59,0.0,0.72,0.01,0.67,0.4,0.29,0.89,0.02,0.01
292,0.79,0.54,0.0,0.65,0.01,0.7,0.25,0.58,0.92,0.16,0.08
293, , , , , , , , , , , 
294, , , , , , , , , , , 
295, , , , , , , , , , , 
296,0.24,0.44,0.0,0.62,0.01,0.76,0.57,0.27,0.75,0.14,0.57
297, , , , , , , , , , , 
298,0.4,0.55,0.0,0.68,0.0,0.83,0.38,0.46,0.92,0.07,0.03
299,0.33,0.09,0.0,0.35,0.02,0.74,0.24,0.22,0.65,0.09,0.11
300,0.5,0.41,0.01,0.6,0.03,0.17,0.16,0.34,0.7,0.15,0.18
301,0.27,0.61,0.0,0.21,0.02,0.48,0.16,0.18,0.9,0.6,0.61
302,0.43,0.62,0.01,0.55,0.02,0.45,0.24,0.48,0.78,0.56,0.18
303, , , , , , , , , , , 
304,0.73,0.59,0.05,0.4,0.06,0.5,0.23,0.48,0.81,0.21,0.3
305,0.43,0.53,0.0,0.43,0.04,0.46,0.18,0.6,0.77,0.12,0.04
306, , , , , , , , , , , 
307,0.38,0.53,0.0,0.42,0.0,0.92,0.2,0.4,0.95,0.09,0.18
308, , , , , , , , , , , 
309, , , , , , , , , , , 
310, , , , , , , , , , , 
311,0.46,0.4,0.01,0.57,0.04,0.61,0.13,0.22,0.86,0.26,0.06
312, , , , , , , , , , , 
313,0.67,0.55,0.01,0.56,0.02,0.19,0.16,0.31,0.77,0.04,0.01
314, , , , , , , , , , , 
315,0.58,0.57,0.0,0.36,0.01,0.52,0.22,0.79,0.89,0.12,0.01
316, , , , , , , , , , , 
317, , , , , , , , , , , 
318, , , , , , , , , , , 
319, , , , , , , , , , , 
320, , , , , , , , , , , 
321,0.32,0.38,0.0,0.57,0.07,0.44,0.16,0.22,0.66,0.16,0.14
322,0.52,0.19,0.0,0.49,0.07,0.73,0.48,0.2,0.48,0.08,0.74
323,0.4,0.58,0.0,0.27,0.01,0.8,0.22,0.54,0.86,0.38,0.04
324,0.53,0.56,0.0,0.49,0.01,0.53,0.28,0.31,0.84,0.06,0.07
325,0.31,0.18,0.0,0.44,0.04,0.62,0.14,0.47,0.62,0.14,0.03
326,0.27,0.59,0.01,0.49,0.03,0.52,0.24,0.42,0.91,0.59,0.37
327,0.3,0.22,0.01,0.2,0.14,0.7,0.19,0.32,0.57,0.17,0.23
328,0.4,0.53,0.0,0.53,0.0,0.78,0.16,0.35,0.93,0.12,0.09
329, , , , , , , , , , , 
330, , , , , , , , , , , 
331, , , , , , , , , , , 
332,0.33,0.65,0.01,0.55,0.03,0.72,0.08,0.38,0.81,0.16,0.03
333,0.22,0.26,0.0,0.33,0.29,0.77,0.26,0.26,0.52,0.23,0.51
334, , , , , , , , , , , 
335,0.35,0.37,0.0,0.71,0.03,0.81,0.95,0.22,0.47,0.09,0.3
336,0.31,0.5,0.03,0.69,0.36,0.59,0.14,0.31,0.24,0.39,0.26
337,0.51,0.51,0.13,0.62,0.36,0.4,0.36,0.49,0.71,0.2,0.35
338, , , , , , , , , , , 
339,0.44,0.49,0.0,0.84,0.05,0.87,0.23,0.35,0.56,0.13,0.29
340,0.3,0.69,0.13,0.71,0.19,0.55,0.19,0.48,0.88,0.39,0.16
341,0.58,0.71,0.25,0.36,0.54,0.68,0.19,0.61,0.74,0.56,1.0
342, , , , , , , , , , , 
343,0.72,0.2,0.04,0.3,0.17,0.64,0.1,0.23,0.49,0.31,0.23
344,0.56,0.23,0.01,0.67,0.06,0.7,0.19,0.3,0.66,0.1,0.78
345,0.31,0.84,0.0,0.48,0.14,0.73,0.21,0.56,0.75,0.23,0.26
346, , , , , , , , , , , 
347, , , , , , , , , , , 
348, , , , , , , , , , , 
349,0.35,0.42,0.0,0.6,0.03,0.97,0.01,0.25,0.86,0.37,0.15
350,0.34,0.15,0.0,0.55,0.01,0.85,0.47,0.36,0.89,0.22,0.09
351,0.37,0.51,0.0,0.58,0.02,0.73,0.41,0.4,0.88,0.14,0.11
352,0.38,0.5,0.0,0.25,0.01,0.71,0.56,0.84,0.83,0.07,0.02
353,0.4,0.67,0.0,0.4,0.04,0.75,0.29,0.42,0.81,0.22,0.39
354,0.77,0.59,0.0,0.3,0.02,0.73,0.2,0.76,0.84,0.58,0.14
355, , , , , , , , , , , 
356,0.62,0.6,0.07,0.5,0.05,0.8,0.09,0.46,0.86,1.0,0.6
357,0.44,0.34,0.01,0.4,0.01,0.45,0.34,0.25,0.93,0.17,0.11
358,0.13,0.7,0.0,0.1,0.0,0.91,0.0,0.2,0.93,0.15,1.0
359,0.23,0.28,0.04,0.33,0.04,0.29,0.45,0.16,0.54,0.07,0.36
360, , , , , , , , , , , 
361, , , , , , , , , , , 
362, , , , , , , , , , , 
363, , , , , , , , , , , 
364,0.78,0.47,0.03,0.53,0.08,0.5,0.18,0.34,0.83,1.0,0.1
365,0.4,0.23,0.0,0.53,0.01,0.79,1.0,0.21,0.87,0.26,0.39
366,0.43,0.64,0.01,0.79,0.1,0.64,0.23,0.37,0.63,0.5,0.75
367, , , , , , , , , , , 
368,0.5,0.6,0.0,0.65,0.01,0.76,0.2,0.51,0.89,0.08,0.12
369,0.22,0.75,0.01,0.45,0.12,0.71,0.07,0.36,0.55,0.78,0.12
370,0.84,0.44,0.0,0.58,0.02,0.53,0.13,0.21,0.75,0.28,0.28
371,0.37,0.67,0.03,0.53,0.04,0.56,0.28,0.42,0.41,0.06,0.03
372,0.43,0.36,0.15,0.48,0.27,0.56,0.16,0.32,0.72,0.07,0.25
373, , , , , , , , , , , 
374,0.39,0.16,0.0,0.58,0.03,0.8,0.61,0.27,0.65,0.14,0.63
375,0.45,0.51,0.3,0.23,0.2,0.65,0.26,0.29,0.81,0.34,0.65
376,0.43,0.59,0.15,0.38,0.49,0.34,0.14,0.31,0.61,0.41,0.47
377,0.27,0.32,0.01,0.66,0.07,0.62,0.26,0.42,0.75,0.16,0.53
378,0.54,0.41,0.1,0.42,0.15,0.84,0.12,0.21,0.64,0.35,0.18
379,0.18,0.09,0.0,0.53,0.03,0.63,0.21,0.19,0.63,0.26,0.16
380,0.3,0.29,0.0,0.25,0.01,0.82,0.19,0.2,0.79,0.22,0.02
381,0.81,0.23,0.0,0.52,0.01,0.7,0.37,0.31,0.86,0.14,0.35
382, , , , , , , , , , , 
383,0.51,0.48,0.0,0.51,0.01,0.89,0.55,0.35,0.83,0.04,0.13
384, , , , , , , , , , , 
385,0.43,0.64,0.0,0.19,0.05,0.82,0.06,0.3,0.78,0.88,0.69
386,0.52,0.19,0.0,0.49,0.12,0.77,0.1,0.19,0.69,0.3,0.62
387, , , , , , , , , , , 
388,0.43,0.51,0.0,0.74,0.02,0.74,0.18,0.32,0.84,0.16,0.06
389, , , , , , , , , , , 
390,0.41,0.47,0.0,0.47,0.0,0.61,0.23,0.59,0.91,0.05,0.09
391, , , , , , , , , , , 
392,0.58,0.5,0.01,0.27,0.03,0.61,0.35,1.0,0.78,0.1,0.05
393, , , , , , , , , , , 
394, , , , , , , , , , , 
395,0.21,0.39,0.0,0.88,0.02,0.75,0.32,0.25,0.7,0.08,0.37
396,0.43,0.27,0.35,0.63,1.0,0.69,0.3,0.37,0.5,0.12,1.0
397,0.19,0.71,0.0,0.5,0.0,0.76,0.37,0.2,0.88,0.38,0.29
398,0.37,0.76,0.16,0.52,0.36,0.65,0.27,0.41,0.0,0.06,0.75
399, , , , , , , , , , , 
400,0.5,0.39,0.0,0.65,0.01,0.68,0.22,0.31,0.92,0.17,0.07
401,0.44,0.55,0.0,0.22,0.01,0.46,0.4,0.89,0.86,0.05,0.04
402,0.36,0.66,0.27,0.36,0.44,0.71,0.13,0.36,0.62,1.0,0.83
403,0.32,0.38,0.0,0.73,0.05,0.96,0.79,0.34,0.32,0.02,0.09
404,0.69,0.16,0.0,0.36,0.01,0.64,0.4,1.0,0.79,0.13,0.06
405, , , , , , , , , , , 
406,0.54,0.55,0.01,0.29,0.01,0.58,0.43,0.58,0.76,0.08,0.12
407,1.0,0.5,0.0,0.49,0.02,0.02,0.33,0.38,0.96,0.46,0.06
408,0.25,0.63,0.0,0.45,0.03,0.06,0.45,0.52,0.56,0.06,0.03
409,0.25,0.17,0.01,0.59,0.07,0.51,0.17,0.3,0.7,0.22,0.11
410,0.23,0.96,0.0,0.43,0.08,0.0,0.6,0.4,0.39,0.09,0.22
411,0.39,0.16,0.0,0.62,0.01,0.8,0.21,0.31,0.83,0.27,0.07
412,0.45,0.45,0.07,0.54,0.01,0.57,0.41,0.2,0.85,0.19,0.13
413,0.4,0.53,0.01,0.51,0.21,0.41,0.15,0.32,0.71,0.22,0.19
414,0.39,0.71,0.0,0.45,0.09,0.5,0.12,0.3,0.18,0.17,0.41
415,0.58,0.58,0.04,0.42,0.01,0.9,0.0,0.25,0.72,0.5,0.44
416,0.33,0.78,0.0,0.49,0.04,0.4,0.17,0.66,0.84,0.26,0.06
417,0.44,0.54,0.0,0.52,0.01,0.62,0.26,0.16,0.82,0.19,0.27
418,0.38,0.37,0.0,0.52,0.05,0.63,0.23,0.24,0.67,0.13,0.36
419,0.78,0.32,0.03,0.64,0.12,0.51,0.6,0.27,0.59,0.14,0.34
420,0.36,0.67,0.01,0.38,0.03,0.68,0.35,0.56,0.7,0.04,0.07
421,0.37,0.72,0.0,0.41,0.03,0.58,0.32,0.52,0.89,0.24,0.11
422, , , , , , , , , , , 
423,0.22,0.44,0.0,0.45,0.03,0.33,0.28,0.29,0.74,0.26,0.24
424,0.9,0.4,0.03,0.42,0.02,0.33,0.64,0.2,0.58,0.15,0.12
425, , , , , , , , , , , 
426, , , , , , , , , , , 
427,0.19,0.6,0.0,0.17,0.01,0.77,0.29,0.37,0.85,0.9,0.02
428,0.41,0.52,0.11,0.4,0.17,0.73,0.14,0.29,0.67,0.63,0.53
429,0.3,0.49,0.0,0.32,0.0,0.86,1.0,0.11,0.9,0.12,0.04
430, , , , , , , , , , , 
431, , , , , , , , , , , 
432, , , , , , , , , , , 
433,0.53,0.46,0.04,0.41,0.27,0.43,0.35,0.22,0.38,0.13,0.39
434,0.32,0.44,0.0,0.63,0.02,0.71,0.1,0.32,0.85,0.15,0.08
435,0.46,0.44,0.0,0.65,0.06,0.85,0.19,0.31,0.72,0.14,0.23
436, , , , , , , , , , , 
437,0.47,0.04,0.0,0.47,0.01,0.88,0.21,0.36,0.96,0.29,0.13
438,0.44,0.14,0.0,0.57,0.01,0.84,0.12,0.21,0.76,0.02,0.06
439, , , , , , , , , , , 
440,0.48,0.56,0.01,0.54,0.01,0.63,0.16,0.46,0.76,0.41,0.09
441,0.16,0.57,0.0,0.76,0.02,0.3,0.08,0.31,0.8,0.16,0.06
442,0.38,0.79,0.04,0.62,0.03,0.61,0.55,0.39,0.62,0.42,0.2
443, , , , , , , , , , , 
444, , , , , , , , , , , 
445,0.01,0.68,0.0,0.03,0.01,0.74,0.21,0.06,0.91,1.0,0.66
446, , , , , , , , , , , 
447, , , , , , , , , , , 
448,0.56,0.26,0.0,0.9,0.02,0.61,0.97,0.17,0.76,0.12,0.08
449, , , , , , , , , , , 
450, , , , , , , , , , , 
451, , , , , , , , , , , 
452,0.35,0.2,0.01,0.06,0.03,0.74,0.03,0.22,0.67,0.13,0.22
453,0.83,0.63,0.0,0.54,0.01,0.53,0.15,0.92,0.79,0.48,0.28
454,0.45,0.71,0.05,0.33,0.19,0.55,0.21,0.47,0.82,0.49,0.15
455,0.81,0.43,0.0,0.71,0.06,0.53,0.45,0.3,0.4,0.09,0.1
456, , , , , , , , , , , 
457,0.33,0.51,0.0,0.48,0.01,0.67,0.77,0.17,0.9,0.34,0.3
458,0.36,0.3,0.0,0.76,0.0,0.72,0.32,0.27,0.95,0.2,0.03
459,0.8,0.39,0.0,0.49,0.01,0.78,1.0,0.83,0.88,0.02,0.18
460, , , , , , , , , , , 
461, , , , , , , , , , , 
462, , , , , , , , , , , 
463, , , , , , , , , , , 
464,0.22,0.14,0.0,0.31,0.04,0.68,0.26,0.25,0.47,0.15,0.1
465, , , , , , , , , , , 
466,0.44,0.51,0.03,0.66,0.05,0.44,0.12,0.37,0.79,0.18,0.51
467,0.53,0.26,0.0,0.5,0.03,0.86,0.18,0.3,0.53,0.08,0.14
468,0.37,0.32,0.0,0.44,0.02,0.51,0.23,0.51,0.84,0.1,0.07
469, , , , , , , , , , , 
470,0.39,0.59,0.04,0.49,0.07,0.71,0.19,0.34,0.73,0.19,0.12
471,0.45,0.44,0.03,0.75,0.03,0.47,0.1,0.28,0.74,0.17,0.91
472, , , , , , , , , , , 
473,0.61,0.22,0.04,0.43,0.04,0.49,1.0,0.22,0.73,0.21,0.37
474,0.37,0.41,0.0,0.59,0.02,0.53,0.27,0.37,0.88,0.07,0.06
475, , , , , , , , , , , 
476,0.54,0.39,0.01,0.4,0.06,0.34,0.88,0.2,0.44,0.14,0.13
477,0.27,0.57,0.01,0.45,0.12,0.58,0.39,0.2,0.24,0.18,0.39
478, , , , , , , , , , , 
479,0.37,0.63,0.03,0.29,0.08,0.58,0.05,0.39,0.0,0.29,0.37
480,0.66,0.55,0.0,0.45,0.02,0.8,0.04,0.68,0.74,0.37,0.04
481,0.45,0.76,0.02,0.64,0.08,0.38,0.2,0.56,0.83,0.59,0.25
482,0.43,0.56,0.01,0.86,0.04,0.77,0.5,0.29,0.64,0.06,0.2
483,0.6,0.27,0.0,0.38,0.01,0.92,0.18,0.26,0.82,0.15,0.06
484,0.43,0.43,0.01,0.49,0.03,0.73,0.34,0.3,0.62,0.09,0.53
485,0.36,0.47,0.0,0.83,0.03,0.65,0.32,0.56,0.7,0.1,0.04
486,0.56,0.3,0.01,0.43,0.18,0.63,0.3,0.38,0.56,0.16,0.47
487,0.51,0.46,0.03,0.18,0.03,0.65,0.48,0.23,0.8,0.42,0.29
488, , , , , , , , , , , 
489,0.32,0.55,0.0,0.54,0.02,0.82,0.06,0.34,0.84,0.25,0.14
490,0.41,0.46,0.04,0.74,0.21,0.51,0.34,0.39,0.71,0.26,0.2
491,0.77,0.37,0.0,0.84,0.02,0.67,1.0,0.19,0.65,0.11,0.02
492,0.1,0.8,0.17,0.21,0.05,0.73,0.14,0.1,0.87,0.94,0.54
493,0.25,0.57,0.0,0.54,0.01,0.46,0.91,0.5,0.75,0.06,0.13
494,0.17,0.16,0.0,0.81,0.02,0.82,0.13,0.29,0.73,0.03,0.14
495,0.4,0.64,0.0,0.62,0.07,0.82,0.13,0.37,0.66,0.07,0.1
496,0.67,0.49,0.05,0.58,0.04,0.35,0.3,0.29,0.81,0.31,0.07
497, , , , , , , , , , , 
498,0.43,0.64,0.0,0.39,0.03,0.5,0.45,0.58,0.79,0.05,0.06
499,0.33,0.54,0.0,0.49,0.02,0.6,0.08,0.34,0.8,0.35,0.09
500, , , , , , , , , , , 
501, , , , , , , , , , , 
502,0.27,0.13,0.0,0.73,0.02,0.68,0.29,0.36,0.77,0.26,0.17
503, , , , , , , , , , , 
504,0.51,0.44,0.0,0.56,0.04,0.79,0.07,0.2,0.78,0.31,0.08
505,0.46,0.45,0.0,0.63,0.02,0.6,0.09,0.52,0.83,0.13,0.09
506,0.44,0.58,0.0,0.36,0.01,0.67,0.07,0.3,0.88,0.16,0.07
507,0.63,0.52,0.0,0.59,0.01,0.77,0.42,0.42,0.87,0.83,0.1
508,0.6,0.59,0.0,0.36,0.0,0.79,0.37,0.61,0.96,0.47,0.03
509,0.31,0.54,0.0,0.73,0.01,0.78,0.53,0.59,0.94,0.07,0.04
510,0.82,0.46,0.0,0.29,0.01,0.82,0.27,0.86,0.88,0.28,0.02
511, , , , , , , , , , , 
512, , , , , , , , , , , 
513, , , , , , , , , , , 
514,0.38,0.27,0.01,0.64,0.04,0.74,0.22,0.31,0.69,0.17,0.19
515,0.36,0.13,0.01,0.56,0.04,0.76,0.2,0.24,0.81,0.18,0.14
516, , , , , , , , , , , 
517,0.33,0.49,0.04,0.58,0.16,0.92,0.08,0.19,0.7,0.25,0.26
518,0.13,0.37,0.05,0.46,0.05,0.66,0.12,0.39,0.8,0.21,0.25
519,0.19,0.17,0.0,0.28,0.01,0.86,0.12,0.18,0.72,0.17,0.21
520,0.42,0.68,0.0,0.11,0.03,0.51,0.34,0.54,0.77,0.07,0.04
521,0.42,0.46,0.05,0.56,0.15,0.53,0.22,0.32,0.54,0.16,0.5
522,0.33,0.25,0.02,0.4,0.03,0.73,1.0,0.18,0.53,0.22,0.19
523,0.48,0.28,0.0,0.48,0.04,0.79,0.11,0.23,0.7,0.29,0.02
524,0.51,0.37,0.0,0.6,0.05,0.75,1.0,0.22,0.33,0.16,0.02
525, , , , , , , , , , , 
526,0.58,0.43,0.0,0.36,0.07,0.7,0.2,0.67,0.82,0.24,0.09
527,0.68,0.56,0.01,0.45,0.1,0.32,0.15,0.29,0.39,0.07,0.18
528, , , , , , , , , , , 
529,0.39,0.13,0.0,0.52,0.02,0.61,0.6,0.21,0.73,0.1,0.47
530,0.34,0.61,0.02,0.13,0.04,0.45,0.12,0.26,0.58,0.09,0.37
531,0.57,0.03,0.0,0.61,0.02,0.73,0.74,0.25,0.65,0.09,0.06
532,1.0,0.46,0.15,0.55,0.14,0.34,0.24,0.59,0.76,1.0,0.41
533,0.79,0.2,0.0,0.58,0.03,0.66,0.16,0.2,0.57,0.15,0.05
534,0.3,0.2,0.0,0.58,0.02,0.54,0.11,0.26,0.6,0.18,0.78
535,0.4,0.18,0.0,0.66,0.01,0.89,0.59,0.28,0.92,0.03,0.19
536,1.0,0.63,0.0,0.4,0.0,0.0,0.25,0.25,0.83,0.04,0.04
537,0.53,0.2,0.03,0.17,0.11,0.93,0.14,0.11,0.38,0.4,0.29
538, , , , , , , , , , , 
539, , , , , , , , , , , 
540, , , , , , , , , , , 
541,0.22,0.73,0.0,0.64,0.03,0.61,0.2,0.39,0.89,0.24,0.23
542,0.19,0.49,0.0,0.2,0.01,0.8,0.16,0.38,0.88,0.41,0.11
543, , , , , , , , , , , 
544,0.28,0.22,0.03,0.49,0.09,0.71,0.11,0.18,0.61,0.27,0.66
545, , , , , , , , , , , 
546, , , , , , , , , , , 
547, , , , , , , , , , , 
548,0.26,0.74,0.03,0.42,0.08,0.61,0.29,0.34,0.73,0.27,0.3
549, , , , , , , , , , , 
550,0.43,0.42,0.02,0.6,0.05,0.75,0.38,0.39,0.77,0.17,0.6
551, , , , , , , , , , , 
552,0.34,0.13,0.0,0.77,0.04,0.66,0.57,0.29,0.72,0.15,0.27
553,0.25,0.69,0.0,0.27,0.41,0.58,0.12,0.45,0.0,0.62,0.8
554,0.43,0.42,0.0,0.37,0.0,0.74,0.65,0.22,0.97,0.16,0.02
555, , , , , , , , , , , 
556,0.48,0.18,0.01,0.34,0.06,0.71,0.12,0.27,0.63,0.13,0.69
557,0.44,0.7,0.0,0.74,0.1,0.51,0.17,0.25,0.4,0.64,0.54
558,0.32,0.49,0.0,0.67,0.01,0.65,0.24,0.23,0.78,0.11,0.07
559, , , , , , , , , , , 
560, , , , , , , , , , , 
561,0.57,0.51,0.15,0.54,0.7,0.59,0.26,0.34,0.69,0.24,0.66
562, , , , , , , , , , , 
563, , , , , , , , , , , 
564,0.24,0.34,0.0,0.64,0.01,0.83,0.26,0.34,0.93,0.06,0.05
565,0.47,0.12,0.0,0.36,0.01,0.89,0.02,0.21,0.86,0.2,0.03
566,0.85,0.2,0.0,0.52,0.02,0.5,0.16,0.22,0.77,0.1,0.09
567,0.4,0.3,0.0,0.51,0.06,0.65,0.42,0.22,0.41,0.09,0.48
568,0.21,0.54,0.0,0.46,0.04,0.63,0.16,0.42,0.91,0.65,0.2
569,0.48,0.24,0.0,0.57,0.04,0.32,0.5,0.22,0.69,0.09,0.1
570,0.45,0.42,0.04,0.43,0.16,0.69,0.16,0.21,0.25,0.09,0.36
571,0.37,0.6,0.01,0.34,0.08,0.62,0.18,0.3,0.84,0.51,0.37
572,0.36,0.42,0.06,0.63,0.02,0.41,0.31,0.26,0.8,0.13,0.21
573,0.34,0.5,0.09,0.31,0.03,0.61,0.36,0.33,0.89,0.41,0.49
574,0.35,0.67,0.0,0.38,0.11,0.65,0.1,0.34,0.86,0.39,0.3
575, , , , , , , , , , , 
576, , , , , , , , , , , 
577,0.4,0.43,0.0,0.51,0.02,0.54,0.26,0.43,0.89,0.08,0.05
578,0.66,0.39,0.0,0.81,0.02,0.88,0.1,0.23,0.66,0.3,0.8
579, , , , , , , , , , , 
580, , , , , , , , , , , 
581, , , , , , , , , , , 
582,0.35,0.7,0.01,0.42,0.01,0.72,0.19,0.39,0.79,0.2,0.08
583,0.23,1.0,0.0,0.48,0.01,0.34,0.35,0.51,0.88,0.17,0.1
584,0.48,0.41,0.0,0.59,0.01,0.73,0.27,0.43,0.87,0.06,0.08
585,0.62,0.32,0.0,0.52,0.04,0.73,0.19,0.58,0.81,0.12,0.05
586,0.4,0.59,0.01,0.55,0.02,0.73,0.07,0.45,0.94,0.46,0.17
587,0.29,0.56,0.0,0.51,0.01,0.69,0.5,0.38,0.82,0.04,0.04
588,0.51,0.49,0.0,0.6,0.02,0.34,0.82,0.71,0.79,0.17,0.09
589, , , , , , , , , , , 
590,0.72,0.15,0.0,0.52,0.03,0.64,0.16,0.21,0.66,0.16,0.09
591,0.26,0.27,0.0,0.67,0.02,0.73,0.59,0.19,0.77,0.23,0.21
592,0.32,0.25,0.04,0.48,0.07,0.85,0.07,0.21,0.8,0.26,0.59
593,0.45,0.37,0.0,0.73,0.04,0.76,0.23,0.26,0.7,0.03,0.07
594,0.34,0.47,0.0,0.46,0.0,0.75,0.42,0.33,0.92,0.06,0.07
595, , , , , , , , , , , 
596,0.31,0.32,0.01,0.47,0.03,0.66,0.5,0.25,0.58,0.07,0.16
597,0.04,0.94,0.05,0.27,0.03,0.74,0.23,0.1,0.85,1.0,0.62
598,0.52,0.41,0.0,0.48,0.03,0.88,0.08,0.18,0.64,0.28,0.13
599, , , , , , , , , , , 
600,0.66,0.43,0.32,0.45,0.07,0.73,0.17,0.76,0.76,0.42,0.15
601,0.62,0.32,0.0,0.84,0.0,0.14,0.64,0.23,0.92,0.22,0.04
602,0.44,0.41,0.03,0.6,0.07,0.76,0.13,0.23,0.7,0.1,0.15
603,0.22,0.59,0.0,0.68,0.3,0.56,0.15,0.46,0.14,0.37,0.34
604,0.69,0.66,0.0,0.15,0.02,0.11,0.6,0.92,0.68,0.05,0.04
605, , , , , , , , , , , 
606,0.62,0.35,0.05,0.36,0.11,0.74,0.15,0.24,0.67,0.43,0.12
607,0.36,0.54,0.02,0.39,0.01,0.77,0.14,0.4,0.95,0.33,0.03
608,0.43,0.69,0.0,0.55,0.03,0.49,0.38,0.57,0.91,0.14,0.16
609,0.51,0.37,0.0,0.37,0.01,0.85,0.28,0.55,0.89,0.05,0.09
610,0.28,0.3,0.0,0.54,0.01,0.74,0.66,0.27,0.74,0.1,0.38
611, , , , , , , , , , , 
612,0.29,0.51,0.04,0.55,0.04,0.69,0.21,0.44,0.74,0.13,0.21
613,0.39,0.54,0.0,0.86,0.06,0.61,0.27,0.29,0.26,0.35,0.54
614,0.06,1.0,0.11,0.12,0.02,0.73,0.11,0.08,0.86,1.0,0.36
615, , , , , , , , , , , 
616,0.4,0.33,0.0,0.19,0.04,0.89,0.08,0.2,0.73,0.35,0.05
617,0.27,0.83,0.08,0.5,0.15,0.58,0.38,0.34,0.74,0.25,0.26
618,0.35,0.5,0.01,0.66,0.09,0.61,0.37,0.35,0.81,0.34,0.11
619, , , , , , , , , , , 
620, , , , , , , , , , , 
621,0.59,0.59,0.07,0.57,0.03,0.69,0.12,0.3,0.71,0.41,0.2
622, , , , , , , , , , , 
623, , , , , , , , , , , 
624, , , , , , , , , , , 
625,0.63,0.34,0.0,0.17,0.01,0.67,0.28,0.85,0.88,0.09,0.08
626,0.35,0.27,0.0,0.27,0.02,0.82,0.39,0.22,0.82,0.09,0.1
627, , , , , , , , , , , 
628, , , , , , , , , , , 
629, , , , , , , , , , , 
630,0.27,0.19,0.0,0.66,0.03,0.66,0.27,0.29,0.58,0.02,0.28
631,0.58,0.28,0.0,0.44,0.02,0.82,0.14,0.2,0.76,0.24,0.2
632, , , , , , , , , , , 
633, , , , , , , , , , , 
634,0.53,0.54,0.39,0.17,0.4,0.63,0.33,0.32,0.78,0.3,0.59
635,0.45,0.56,0.2,0.32,0.2,0.65,0.3,0.36,0.79,0.16,0.4
636,0.27,0.43,0.01,0.58,0.02,0.58,0.29,0.27,0.87,0.16,0.09
637,0.3,0.64,0.0,0.22,0.02,0.66,0.39,0.1,0.61,0.16,0.22
638,0.52,0.37,0.0,0.7,0.01,0.68,0.55,0.29,0.84,0.32,0.07
639, , , , , , , , , , , 
640, , , , , , , , , , , 
641,0.63,0.39,0.0,0.47,0.01,0.42,0.63,0.75,0.89,0.03,0.0
642,0.25,0.8,0.0,0.66,0.06,0.34,0.18,0.39,0.62,0.07,0.09
643, , , , , , , , , , , 
644,0.34,0.75,0.0,0.65,0.03,0.46,0.18,0.98,0.8,1.0,0.22
645, , , , , , , , , , , 
646,0.36,0.46,0.06,0.4,0.04,0.54,0.18,0.29,0.86,0.21,0.22
647, , , , , , , , , , , 
648, , , , , , , , , , , 
649,0.26,0.2,0.0,0.55,0.03,0.61,0.19,0.27,0.75,0.19,0.29
650,0.48,0.17,0.02,0.87,0.07,0.57,0.67,0.35,0.67,0.11,0.09
651, , , , , , , , , , , 
652,0.57,0.32,0.0,0.43,0.05,0.57,0.11,0.21,0.8,0.05,0.06
653,0.36,0.66,0.0,0.59,0.03,0.63,0.28,0.68,0.84,0.52,0.11
654,0.64,0.63,0.0,0.06,0.01,0.85,0.56,1.0,0.88,0.23,0.04
655,0.61,0.06,0.0,0.75,0.02,0.47,0.52,0.41,0.65,0.15,0.74
656, , , , , , , , , , , 
657,0.46,0.26,0.0,0.78,0.01,0.6,0.68,0.47,0.91,0.18,0.01
658,0.29,0.37,0.0,0.75,0.02,0.71,0.14,0.35,0.68,0.04,0.3
659, , , , , , , , , , , 
660,0.28,0.28,0.01,0.7,0.02,0.71,0.29,0.26,0.75,0.11,0.26
661,0.52,0.27,0.14,0.12,0.01,0.44,0.64,0.25,0.79,0.29,0.51
662,0.67,0.34,0.0,0.5,0.0,0.4,0.19,0.42,0.95,0.08,0.03
663,0.48,0.46,0.03,0.49,0.31,0.44,0.3,0.37,0.6,0.3,0.23
664, , , , , , , , , , , 
665,0.48,0.41,0.0,0.35,0.0,0.67,0.6,0.23,0.94,0.16,0.05
666,0.2,0.24,0.01,0.57,0.02,0.77,0.11,0.28,0.74,0.11,0.42
667,0.41,0.54,0.0,0.61,0.29,0.53,0.35,1.0,0.0,0.15,0.22
668,0.36,0.06,0.01,0.56,0.11,0.79,0.22,0.24,0.69,0.13,0.18
669,0.41,0.42,0.0,0.55,0.02,0.39,0.13,0.28,0.84,0.16,0.12
670,0.62,0.58,0.0,0.53,0.01,0.77,0.29,1.0,0.92,0.34,0.04
671,0.38,0.56,0.0,0.69,0.02,0.42,0.41,0.36,0.85,0.09,0.11
672, , , , , , , , , , , 
673,0.42,0.77,0.0,0.46,0.02,0.37,0.27,0.54,0.86,0.16,0.11
674,0.17,0.21,0.0,0.31,0.01,0.67,0.3,0.17,0.9,0.11,0.1
675,0.67,0.48,0.01,0.68,0.05,0.48,0.39,0.22,0.44,0.14,0.81
676,0.65,0.46,0.0,0.45,0.0,0.74,0.3,0.95,0.94,0.05,0.1
677,0.75,0.35,0.0,0.78,0.03,0.22,0.15,0.18,0.64,0.17,0.15
678,0.69,0.53,0.02,0.56,0.06,0.8,0.11,0.48,0.81,0.13,0.07
679,0.24,0.22,0.0,0.5,0.02,0.77,0.42,0.19,0.64,0.14,0.06
680, , , , , , , , , , , 
681,0.26,0.29,0.0,0.54,0.02,0.77,0.45,0.24,0.66,0.07,0.11
682,0.42,0.61,0.0,0.43,0.01,0.64,0.92,0.32,0.85,0.23,0.16
683, , , , , , , , , , , 
684, , , , , , , , , , , 
685, , , , , , , , , , , 
686,0.48,0.18,0.0,0.4,0.03,0.41,0.16,0.26,0.83,0.23,0.05
687,0.27,0.27,0.0,0.69,0.01,0.78,0.4,0.35,0.93,0.11,0.05
688,0.41,0.63,0.04,0.43,0.06,0.83,0.19,0.49,0.87,0.52,0.19
689,0.36,0.28,0.0,0.66,0.01,0.82,0.26,0.32,0.89,0.12,0.22
690, , , , , , , , , , , 
691,0.46,0.58,0.0,0.29,0.04,0.67,0.57,0.14,0.38,0.18,0.29
692, , , , , , , , , , , 
693, , , , , , , , , , , 
694,0.31,0.64,0.0,0.55,0.18,0.49,0.22,0.34,0.59,0.16,0.09
695,0.18,0.32,0.0,0.65,0.02,0.84,0.16,0.22,0.78,0.11,0.2
696, , , , , , , , , , , 
697,0.28,0.4,0.02,0.23,0.02,0.91,0.13,0.23,0.74,0.48,0.07
698,0.23,0.62,0.06,0.44,0.06,0.56,0.57,0.31,0.78,0.3,0.32
699,0.3,0.82,0.0,0.31,0.02,0.82,0.17,0.43,0.83,0.86,0.53
700,0.19,0.49,0.12,0.69,0.05,0.83,0.15,0.4,0.84,0.23,0.16
701, , , , , , , , , , , 
702,0.78,0.36,0.0,0.39,0.04,0.74,0.44,0.09,0.68,0.18,0.2
703,0.33,0.48,0.01,0.66,0.03,0.6,0.09,0.44,0.83,0.14,0.08
704, , , , , , , , , , , 
705,0.4,0.28,0.0,0.45,0.01,0.86,0.05,0.45,0.94,0.2,0.17
706,0.53,0.25,0.0,0.73,0.07,0.06,0.49,0.2,0.4,0.11,0.31
707,0.3,0.57,0.01,0.67,0.11,0.39,0.26,0.35,0.73,0.23,0.13
708,0.27,0.61,0.0,0.51,0.07,0.83,0.14,0.44,0.87,0.61,0.21
709,0.53,0.67,0.0,0.18,0.0,0.66,0.19,0.92,0.91,0.05,0.04
710,0.43,0.52,0.02,0.27,0.04,0.64,0.49,0.24,0.75,0.22,0.28
711,0.49,0.3,0.0,0.58,0.01,0.7,0.1,0.46,0.83,0.05,0.13
712, , , , , , , , , , , 
713, , , , , , , , , , , 
714, , , , , , , , , , , 
715,0.36,0.49,0.05,0.6,0.03,0.86,0.09,0.4,0.87,0.24,0.06
716,0.57,0.28,0.01,0.43,0.16,0.82,0.18,0.32,0.58,0.18,0.37
717, , , , , , , , , , , 
718,0.26,0.3,0.01,0.72,0.02,0.71,0.17,0.4,0.75,0.12,0.28
719,0.2,0.86,0.0,0.47,0.23,0.41,0.34,0.33,0.0,0.13,0.51
720, , , , , , , , , , , 
721, , , , , , , , , , , 
722,0.2,0.54,0.0,0.43,0.01,0.77,0.08,0.43,0.92,0.56,0.05
723,0.54,0.75,0.02,0.54,0.04,0.62,0.23,0.49,0.87,0.24,0.13
724,0.35,0.09,0.01,0.5,0.01,0.8,0.21,0.19,0.85,0.24,0.09
725, , , , , , , , , , , 
726,0.38,0.49,0.0,0.56,0.06,0.95,0.21,0.21,0.65,0.07,1.0
727,1.0,0.3,0.01,0.66,0.03,0.18,0.75,0.22,0.77,0.2,0.12
728,0.64,0.37,0.01,0.64,0.02,0.29,0.23,0.17,0.84,0.14,0.1
729, , , , , , , , , , , 
730,0.53,0.57,0.06,0.32,0.01,0.57,0.28,0.23,0.92,0.26,0.18
731, , , , , , , , , , , 
732,0.52,0.63,0.02,0.63,0.08,0.76,0.35,0.3,0.0,0.02,0.1
733,0.97,0.56,0.0,0.75,0.02,0.54,0.27,0.57,0.8,0.6,0.04
734, , , , , , , , , , , 
735,0.53,0.51,0.0,0.34,0.02,0.66,0.56,0.2,0.67,0.08,0.25
736,0.68,0.17,0.02,0.44,0.04,0.57,0.44,0.26,0.82,0.25,0.14
737, , , , , , , , , , , 
738,0.34,0.21,0.0,0.69,0.03,0.8,0.05,0.28,0.56,0.16,0.3
739,0.41,0.13,0.0,0.4,0.01,0.85,0.41,0.3,0.84,0.27,0.06
740,0.5,0.29,0.0,0.62,0.08,0.54,0.76,0.25,0.68,0.05,0.24
741, , , , , , , , , , , 
742, , , , , , , , , , , 
743, , , , , , , , , , , 
744, , , , , , , , , , , 
745, , , , , , , , , , , 
746,0.38,0.34,0.0,0.57,0.05,0.32,0.18,0.38,0.68,0.11,0.29
747, , , , , , , , , , , 
748, , , , , , , , , , , 
749, , , , , , , , , , , 
750,0.93,0.29,0.01,0.53,0.08,0.1,0.86,0.2,0.58,0.11,0.11
751, , , , , , , , , , , 
752,0.5,0.51,0.0,0.61,0.0,0.78,0.31,0.54,0.91,0.06,0.02
753,1.0,0.36,0.0,0.33,0.01,0.15,0.21,0.15,0.74,0.27,0.05
754,0.86,0.44,0.12,0.58,0.08,0.19,0.32,0.42,0.84,0.31,0.09
755, , , , , , , , , , , 
756,0.73,0.39,0.0,0.33,0.01,0.66,0.18,0.77,0.94,0.18,0.06
757,0.68,0.38,0.01,0.5,0.46,0.55,0.8,0.29,0.53,0.15,0.27
758, , , , , , , , , , , 
759, , , , , , , , , , , 
760,0.24,0.39,0.0,0.47,0.01,0.62,0.77,0.16,0.77,0.15,0.07
761, , , , , , , , , , , 
762,0.36,0.66,0.0,0.18,0.04,0.47,0.08,0.16,0.49,0.13,0.26
763,0.44,0.41,0.02,0.4,0.05,0.35,0.14,0.32,0.74,0.15,0.6
764,0.38,0.44,0.0,0.48,0.02,0.67,0.22,0.36,0.69,0.11,0.06
765, , , , , , , , , , , 
766,0.41,0.13,0.0,0.56,0.1,0.64,0.48,0.41,0.5,0.14,0.21
767,0.47,0.22,0.0,0.42,0.0,0.77,0.24,0.35,0.92,0.18,0.04
768,0.45,0.63,0.0,0.78,0.02,0.26,0.04,0.58,0.79,0.51,0.26
769,0.45,0.51,0.07,0.53,0.07,0.72,0.19,0.36,0.79,0.89,0.37
770, , , , , , , , , , , 
771,0.38,0.51,0.0,0.68,0.15,0.34,0.1,0.39,0.61,0.17,0.13
772,0.41,0.86,0.0,0.55,0.01,0.72,0.17,0.78,0.93,0.39,0.08
773,0.37,0.73,0.01,0.37,0.21,0.63,0.13,0.37,0.43,0.21,0.05
774, , , , , , , , , , , 
775,0.5,0.42,0.0,0.41,0.02,0.72,0.48,0.49,0.9,0.1,0.05
776,0.11,0.62,0.0,0.52,0.25,0.11,0.16,0.24,0.0,0.04,0.33
777, , , , , , , , , , , 
778,0.21,0.35,0.0,0.69,0.03,0.49,0.45,0.25,0.78,0.09,0.08
779,0.45,0.32,0.0,0.57,0.04,0.64,0.11,0.45,0.82,0.12,0.17
780,0.51,0.63,0.0,0.14,0.01,0.75,0.4,0.94,0.88,0.2,0.02
781,0.4,0.53,0.0,0.6,0.05,0.35,0.43,0.43,0.56,0.07,0.21
782, , , , , , , , , , , 
783,0.32,0.65,0.0,0.42,0.01,0.72,0.08,0.45,0.87,0.31,0.06
784,0.4,0.56,0.0,0.13,0.01,0.65,0.51,0.06,0.71,0.23,0.07
785,0.5,0.66,0.03,0.48,0.04,0.71,0.11,0.43,0.65,0.38,0.31
786,0.3,0.41,0.0,0.57,0.05,0.35,0.21,0.19,0.61,0.12,0.34
787,0.61,0.53,0.02,0.48,0.05,0.43,0.37,0.28,0.75,0.16,0.61
788, , , , , , , , , , , 
789,0.4,0.58,0.06,0.38,0.21,0.79,0.17,0.34,0.65,0.32,0.23
790,0.32,0.34,0.06,0.62,0.02,0.48,0.74,0.28,0.78,0.07,0.05
791, , , , , , , , , , , 
792, , , , , , , , , , , 
793,0.27,0.53,0.0,0.8,0.01,0.59,0.6,0.32,0.86,0.04,0.11
794,0.29,0.56,0.03,0.43,0.05,0.69,0.19,0.45,0.91,0.34,0.17
795,0.39,0.39,0.0,0.15,0.06,0.71,0.65,0.12,0.52,0.17,0.12
796,0.33,0.49,0.0,0.17,0.04,0.85,0.95,0.12,0.52,0.14,0.28
797,0.55,0.39,0.01,0.62,0.07,0.86,0.09,0.18,0.4,0.19,0.03
798,0.2,0.9,0.0,0.38,0.13,0.62,0.21,0.34,0.59,0.07,0.49
799, , , , , , , , , , , 
800,0.48,0.48,0.01,0.57,0.02,0.95,0.2,0.57,0.91,0.17,0.09
801, , , , , , , , , , , 
802,0.45,0.58,0.0,0.69,0.04,0.42,0.06,0.35,0.42,0.14,0.1
803,0.28,0.39,0.0,0.75,0.0,0.52,0.18,0.35,0.93,0.08,0.06
804,0.9,0.32,0.01,0.67,0.06,0.54,0.18,0.61,0.75,0.57,0.26
805,0.25,0.19,0.01,0.52,0.01,0.77,0.44,0.32,0.75,0.1,0.01
806,0.36,0.13,0.0,0.44,0.01,0.86,0.17,0.28,0.83,0.26,0.06
807,0.74,0.41,0.01,0.38,0.04,0.51,0.47,0.77,0.67,0.27,0.36
808, , , , , , , , , , , 
809,0.35,0.41,0.0,0.55,0.03,0.81,0.35,0.26,0.81,0.27,0.11
810, , , , , , , , , , , 
811, , , , , , , , , , , 
812,0.32,0.65,0.03,0.51,0.09,0.54,0.21,0.44,0.86,0.32,0.22
813,0.46,0.38,0.0,0.52,0.01,0.47,0.5,0.51,0.88,0.09,0.08
814,0.48,0.57,0.0,0.74,0.01,0.72,0.31,0.69,0.87,0.03,0.01
815,0.3,0.49,0.0,0.24,0.06,0.9,0.12,0.38,0.84,0.91,0.2
816,0.39,0.84,0.0,0.4,0.04,0.56,0.13,0.26,0.35,0.03,0.04
817,0.41,0.66,0.0,0.44,0.2,0.74,0.3,0.35,0.16,0.04,0.37
818, , , , , , , , , , , 
819,0.66,0.22,0.0,0.66,0.01,0.48,0.61,0.18,0.79,0.24,0.07
820,0.26,0.22,0.0,0.28,0.03,0.72,0.54,0.2,0.48,0.14,0.51
821,0.32,0.53,0.01,0.55,0.02,0.64,0.22,0.53,0.92,0.52,0.14
822,0.46,0.3,0.08,0.55,0.23,0.77,0.17,0.37,0.61,0.19,0.34
823,0.39,0.29,0.01,0.62,0.08,0.73,0.35,0.2,0.33,0.08,0.33
824, , , , , , , , , , , 
825,0.68,0.15,0.0,0.63,0.03,0.66,0.2,0.43,0.82,0.26,0.15
826,0.07,0.42,0.0,0.17,0.03,0.82,0.24,0.14,0.56,0.39,0.13
827, , , , , , , , , , , 
828,0.61,0.37,0.0,0.9,0.02,0.68,1.0,0.22,0.6,0.13,0.31
829, , , , , , , , , , , 
830,0.43,0.35,0.0,0.49,0.03,0.57,0.37,0.22,0.53,0.06,0.62
831, , , , , , , , , , , 
832,0.23,0.51,0.0,0.47,0.01,0.79,0.16,0.28,0.73,0.07,0.55
833, , , , , , , , , , , 
834,0.21,0.55,0.0,0.66,0.09,0.52,0.22,0.38,0.46,0.35,0.66
835,0.24,0.33,0.03,0.43,0.01,0.8,1.0,0.39,0.88,0.05,0.06
836,0.3,0.35,0.0,0.48,0.02,0.7,0.1,0.38,0.93,0.15,0.03
837,0.7,0.41,1.0,0.63,1.0,0.61,0.17,0.98,0.57,0.83,1.0
838, , , , , , , , , , , 
839,0.32,0.53,0.0,0.67,0.02,0.66,0.28,0.27,0.69,0.09,0.51
840,0.46,0.3,0.0,0.41,0.03,0.65,0.7,0.27,0.7,0.07,0.19
841,0.38,0.39,0.01,0.68,0.04,0.53,0.42,0.56,0.73,0.0,0.05
842,0.66,0.53,0.01,0.58,0.01,0.66,0.86,0.39,0.73,0.02,0.01
843, , , , , , , , , , , 
844, , , , , , , , , , , 
845,0.49,0.29,0.02,0.38,0.14,0.87,0.05,0.19,0.69,0.27,0.12
846,0.31,0.44,0.0,0.55,0.01,0.61,0.56,0.25,0.7,0.15,0.06
847, , , , , , , , , , , 
848,0.37,0.39,0.0,0.36,0.01,0.95,0.06,0.26,0.89,0.63,0.1
849,0.65,0.23,0.01,0.72,0.04,0.57,0.62,0.16,0.59,0.26,0.06
850, , , , , , , , , , , 
851,0.79,0.28,0.0,0.47,0.01,0.0,0.49,0.11,0.84,0.21,0.08
852, , , , , , , , , , , 
853,0.27,0.66,0.01,0.41,0.02,0.29,0.35,0.26,0.85,0.47,0.54
854,0.42,0.29,0.0,0.37,0.03,0.23,0.53,0.67,0.79,0.17,0.05
855,0.36,0.04,0.0,0.68,0.02,0.68,0.48,0.2,0.78,0.15,0.03
856,0.29,0.59,0.01,0.17,0.01,0.74,0.15,0.75,0.76,0.2,0.08
857,0.45,0.34,0.01,0.44,0.11,0.62,0.56,0.22,0.53,0.13,0.34
858,0.45,0.24,0.1,0.34,0.14,0.92,0.09,0.21,0.62,0.37,0.3
859,0.55,0.6,0.0,0.3,0.02,0.63,0.33,0.98,0.77,0.05,0.02
860,0.37,0.67,0.01,0.48,0.01,0.8,0.12,0.46,0.93,0.71,0.06
861,0.38,0.83,0.0,0.39,0.06,0.54,0.16,0.65,0.83,0.35,0.09
862, , , , , , , , , , , 
863,0.26,0.59,0.0,0.43,0.03,0.84,0.1,0.4,0.88,0.28,0.22
864,0.42,0.67,0.0,0.46,0.01,0.63,0.22,0.38,0.88,0.11,0.19
865, , , , , , , , , , , 
866,0.33,0.29,0.0,0.65,0.03,0.69,0.61,0.25,0.68,0.07,0.38
867,0.23,0.53,0.0,0.78,0.01,0.4,0.74,0.38,0.89,0.03,0.03
868,0.3,0.18,0.02,0.67,0.04,0.78,0.23,0.31,0.88,0.18,0.08
869,0.48,0.51,0.0,0.44,0.01,0.95,0.3,0.54,0.9,0.09,0.03
870, , , , , , , , , , , 
871,0.49,0.42,0.0,0.4,0.02,0.68,0.24,0.36,0.88,0.13,0.04
872,0.36,0.18,0.02,0.33,0.16,0.89,0.1,0.18,0.66,0.35,0.51
873,0.31,0.37,0.0,0.73,0.01,0.71,0.32,0.32,0.92,0.13,0.06
874,0.27,0.16,0.0,0.39,0.0,0.97,0.04,0.28,0.97,0.23,0.04
875,0.4,0.73,0.03,0.22,0.12,0.41,0.13,0.25,0.51,0.17,0.38
876, , , , , , , , , , , 
877,0.69,0.52,0.0,0.44,0.01,0.51,0.39,0.46,0.82,0.26,0.13
878,0.2,0.38,0.0,0.84,0.01,0.87,0.22,0.41,0.89,0.11,0.06
879,0.47,0.08,0.0,0.37,0.01,0.88,0.3,0.33,0.78,0.12,0.14
880,0.75,0.42,0.06,0.38,0.02,0.71,0.27,0.52,0.92,0.42,0.03
881,0.18,0.37,0.04,0.48,0.03,0.86,0.12,0.19,0.79,0.64,0.2
882,0.65,0.58,0.46,0.47,1.0,0.82,0.17,0.5,0.29,0.23,0.84
883,0.33,0.7,0.0,0.48,0.05,0.81,0.2,0.41,0.9,0.5,0.26
884,0.36,0.61,0.01,0.68,0.02,0.56,0.29,0.31,0.74,0.18,0.15
885,0.13,0.84,0.0,0.29,0.03,0.7,0.18,0.33,0.84,1.0,0.12
886,0.26,0.73,0.54,0.48,0.49,0.7,0.2,0.47,0.88,0.38,0.27
887, , , , , , , , , , , 
888,0.54,0.39,0.01,0.79,0.0,0.58,0.3,0.2,0.92,0.16,0.04
889,0.33,0.42,0.02,0.32,0.02,0.74,0.56,0.19,0.87,0.24,0.51
890, , , , , , , , , , , 
891, , , , , , , , , , , 
892,0.42,0.42,0.0,0.51,0.06,0.74,0.17,0.44,0.81,0.27,0.18
893,0.53,0.17,0.02,0.84,0.03,0.72,0.48,0.23,0.81,0.09,0.45
894,0.51,0.16,0.0,0.44,0.02,0.67,0.27,0.21,0.82,0.18,0.01
895,0.45,0.68,0.0,0.42,0.08,0.65,0.07,0.32,0.29,0.02,0.03
896,0.24,0.53,0.07,0.56,0.07,0.57,0.21,0.54,0.88,0.43,0.2
897, , , , , , , , , , , 
898, , , , , , , , , , , 
899,0.55,0.63,0.0,0.26,0.06,0.73,0.19,1.0,0.71,0.47,0.45
900, , , , , , , , , , , 
901,0.27,0.63,0.0,0.41,0.02,0.49,0.83,0.32,0.72,0.03,0.27
902,0.65,0.42,0.0,0.55,0.04,0.48,0.85,0.15,0.44,0.06,0.15
903,0.52,0.3,0.0,0.74,0.01,0.57,0.53,0.19,0.77,0.19,0.32
904,0.29,0.27,0.0,0.54,0.05,0.42,0.16,0.38,0.77,0.16,0.2
905,0.41,0.65,0.0,0.41,0.02,0.64,0.4,0.64,0.69,0.06,0.02
906, , , , , , , , , , , 
907,0.4,0.2,0.06,0.58,0.17,0.71,0.25,0.26,0.69,0.13,0.65
908,0.53,0.23,0.47,0.51,0.58,0.87,0.25,0.27,0.64,0.36,0.41
909,0.6,0.46,0.0,0.5,0.0,0.79,0.81,0.11,0.91,0.21,0.08
910, , , , , , , , , , , 
911, , , , , , , , , , , 
912,0.67,0.51,0.01,0.31,0.02,0.9,0.23,0.71,0.89,0.63,0.08
913,0.34,0.32,0.0,0.5,0.01,0.79,0.48,0.42,0.88,0.05,0.09
914,0.35,0.33,0.01,0.89,0.01,0.78,0.3,0.31,0.76,0.1,0.52
915,0.68,0.63,0.01,0.57,0.02,0.65,0.23,1.0,0.83,0.42,0.26
916,0.28,0.2,0.0,0.56,0.02,0.49,0.26,0.27,0.82,0.09,0.5
917,0.29,0.67,0.07,0.83,0.06,0.39,0.16,0.37,0.87,1.0,0.24
918, , , , , , , , , , , 
919,0.31,0.29,0.0,0.58,0.04,0.35,0.3,0.37,0.72,0.2,0.01
920,0.53,0.59,0.0,0.65,0.02,0.36,0.6,0.34,0.7,0.15,0.12
921, , , , , , , , , , , 
922,0.34,0.52,0.05,0.46,0.16,0.9,0.12,0.2,0.72,0.41,0.59
923, , , , , , , , , , , 
924,0.44,0.47,0.0,0.25,0.12,0.8,0.64,0.07,0.04,0.17,0.07
925, , , , , , , , , , , 
926, , , , , , , , , , , 
927,0.27,0.34,0.0,0.79,0.05,0.59,0.27,0.31,0.65,0.11,0.11
928,0.47,0.62,0.0,0.56,0.16,0.46,0.23,0.33,0.0,0.03,0.16
929,0.36,0.72,0.0,0.44,0.07,0.33,0.59,0.33,0.5,0.09,0.1
930,0.64,0.54,0.01,0.5,0.02,0.75,0.16,0.28,0.83,0.07,0.69
931,1.0,0.34,0.02,0.48,0.14,0.21,0.22,0.27,0.69,0.2,0.65
932,0.46,0.22,0.01,0.41,0.01,0.76,0.17,0.2,0.91,0.23,0.18
933,0.34,0.39,0.0,0.4,0.03,0.73,0.03,0.24,0.74,0.38,0.28
934,0.43,0.3,0.03,0.5,0.03,0.71,0.31,0.28,0.87,0.22,0.02
935, , , , , , , , , , , 
936,0.35,0.24,0.0,0.4,0.03,0.52,0.34,0.5,0.76,0.14,0.06
937,0.53,0.74,0.06,0.3,0.08,0.61,0.09,0.29,0.65,0.15,0.24
938, , , , , , , , , , , 
939,1.0,0.27,0.0,0.51,0.04,0.74,0.12,1.0,0.8,0.41,0.17
940,0.14,0.59,0.01,0.21,0.01,0.73,0.31,0.11,0.83,0.08,0.34
941, , , , , , , , , , , 
942, , , , , , , , , , , 
943,0.5,0.53,0.0,0.24,0.02,0.24,0.22,0.87,0.74,0.08,0.03
944,0.57,0.26,0.0,0.39,0.03,0.62,0.37,0.28,0.73,0.12,0.25
945,0.52,0.22,0.02,0.32,0.07,0.74,0.17,0.19,0.46,0.22,0.22
946,0.35,0.07,0.0,0.29,0.02,0.91,0.14,0.22,0.82,0.21,0.18
947,0.54,0.35,0.01,0.5,0.01,0.65,0.21,0.42,0.91,0.3,0.05
948,0.24,0.64,0.0,0.27,0.02,0.57,0.26,0.33,0.65,1.0,0.13
949,0.41,0.41,0.0,0.45,0.05,0.77,0.28,0.22,0.45,0.12,0.3
950,0.22,0.22,0.0,0.45,0.04,0.72,0.2,0.13,0.59,0.58,0.45
951,0.53,0.46,0.17,0.57,0.47,0.64,0.15,0.52,0.62,0.28,0.67
952,0.29,0.63,0.01,0.56,0.05,0.77,0.18,0.43,0.88,0.43,0.37
953,0.32,0.31,0.01,0.3,0.05,0.51,0.49,0.23,0.42,0.08,0.15
954,0.38,0.55,0.0,0.64,0.11,0.69,0.05,0.32,0.0,0.06,0.26
955,0.59,0.13,0.05,0.74,0.05,0.76,0.38,0.24,0.85,0.21,0.13
956,0.36,0.41,0.01,0.27,0.08,0.6,0.34,0.27,0.45,0.11,0.58
957, , , , , , , , , , , 
958, , , , , , , , , , , 
959,0.66,0.5,0.0,0.61,0.03,0.44,0.17,0.49,0.8,0.11,0.06
960,0.86,0.25,0.0,0.59,0.01,0.67,0.3,0.81,0.85,0.45,0.12
961,0.28,0.34,0.0,0.51,0.02,0.84,0.07,0.21,0.8,0.19,0.07
962, , , , , , , , , , , 
963, , , , , , , , , , , 
964, , , , , , , , , , , 
965,0.78,0.41,0.0,0.42,0.08,0.87,0.12,0.36,0.43,0.77,1.0
966,0.41,0.42,0.0,0.49,0.06,0.52,0.36,0.29,0.78,0.12,0.07
967,0.37,0.37,0.0,0.58,0.01,0.92,0.53,0.33,0.86,0.06,0.08
968,0.4,0.39,0.0,0.13,0.0,0.76,0.2,0.59,0.94,0.09,0.04
969,0.37,0.33,0.01,0.36,0.09,0.56,0.27,0.66,0.84,0.27,0.09
970,0.54,0.5,0.03,0.59,0.04,0.78,0.2,0.44,0.79,0.21,0.04
971,0.35,0.2,0.01,0.58,0.18,0.6,0.26,0.28,0.57,0.13,0.29
972, , , , , , , , , , , 
973, , , , , , , , , , , 
974, , , , , , , , , , , 
975,0.29,0.59,0.0,0.6,0.01,0.76,0.18,0.33,0.9,0.8,0.68
976,0.63,0.51,0.0,0.47,0.01,0.73,0.08,0.34,0.92,0.06,0.03
977,0.24,0.63,0.0,0.68,0.02,0.58,0.22,0.46,0.77,0.06,0.01
978,0.7,0.41,0.04,0.67,0.05,0.31,0.38,0.33,0.78,0.21,0.65
979,0.34,0.41,0.0,0.49,0.01,0.81,0.18,0.41,0.93,0.19,0.2
980,0.3,0.16,0.0,0.71,0.01,0.63,0.13,0.4,0.85,0.18,0.12
981,0.28,0.71,0.0,0.61,0.04,0.06,0.16,0.48,0.71,0.23,0.12
982,1.0,0.41,0.0,0.57,0.01,0.0,0.9,0.11,0.84,0.27,0.03
983, , , , , , , , , , , 
984, , , , , , , , , , , 
985,0.49,0.75,0.06,0.33,0.44,0.67,0.22,0.4,0.0,0.15,0.08
986,0.56,0.65,0.02,0.28,0.1,0.41,0.28,0.39,0.38,0.3,0.49
987,0.4,0.66,0.01,0.51,0.02,0.84,0.26,0.34,0.68,0.1,0.23
988,0.39,0.21,0.0,0.51,0.02,0.82,0.26,0.22,0.67,0.13,0.1
989,0.27,0.28,0.01,0.63,0.02,0.68,0.14,0.3,0.75,0.1,0.37
990,0.33,0.17,0.02,0.74,0.07,0.83,0.14,0.24,0.58,0.25,0.12
991, , , , , , , , , , , 
992,0.83,0.57,0.01,0.61,0.03,0.5,0.14,0.53,0.7,0.35,0.42
993,0.3,0.15,0.0,0.42,0.01,0.87,0.28,0.23,0.84,0.09,0.65
994,0.51,0.35,0.05,0.51,0.02,0.65,0.28,0.28,0.7,0.14,0.66
995, , , , , , , , , , , 
996, , , , , , , , , , , 
997,0.43,0.64,0.0,0.57,0.01,0.72,0.33,0.55,0.84,0.08,0.15
998,0.45,0.5,0.0,0.03,0.01,0.6,0.46,1.0,0.84,0.05,0.02
999,0.57,0.1,0.0,0.68,0.03,0.83,0.12,0.31,0.69,0.22,0.09
1000,0.6,0.55,0.06,0.47,0.07,0.81,0.12,0.58,0.56,0.1,0.03
1001, , , , , , , , , , , 
1002,0.66,0.46,0.01,0.39,0.02,0.0,0.35,0.12,0.56,0.2,0.06
1003,0.53,0.49,0.01,0.56,0.01,0.37,0.43,0.19,0.9,0.36,0.29
1004,0.4,0.39,0.18,0.7,0.26,0.72,0.32,0.3,0.78,0.21,0.19
1005, , , , , , , , , , , 
1006,0.5,0.53,0.0,0.63,0.01,0.86,0.28,0.45,0.89,0.15,0.11
1007,0.4,0.2,0.0,0.61,0.02,0.68,1.0,0.22,0.6,0.09,0.06
1008, , , , , , , , , , , 
1009,0.36,0.38,0.2,0.34,0.07,0.72,0.16,0.24,0.78,0.63,0.36
1010, , , , , , , , , , , 
1011, , , , , , , , , , , 
1012, , , , , , , , , , , 
1013,0.36,0.68,0.0,0.42,0.04,0.68,0.13,0.49,0.54,0.04,0.03
1014,0.32,0.35,0.0,0.19,0.04,0.73,0.25,0.45,0.51,0.45,0.06
1015, , , , , , , , , , , 
1016,0.36,0.64,0.0,0.59,0.0,0.85,0.19,0.32,0.91,0.05,0.13
1017,0.6,0.49,0.0,0.55,0.01,0.65,0.14,0.5,0.83,0.06,0.05
1018,0.15,0.51,0.0,0.45,0.02,0.26,0.44,0.12,0.8,0.24,0.07
1019,0.36,0.13,0.01,0.65,0.04,0.79,0.36,0.23,0.72,0.17,0.53
1020,0.51,0.17,0.0,0.31,0.03,0.84,0.11,0.17,0.56,0.22,0.05
1021,0.69,0.44,0.02,0.5,0.06,0.77,0.2,0.42,0.61,0.47,0.45
1022,0.35,0.01,0.0,0.33,0.03,0.84,0.14,0.28,0.81,0.1,0.1
1023,0.53,0.62,0.0,0.44,0.08,0.5,0.14,0.73,0.8,0.26,0.12
1024, , , , , , , , , , , 
1025, , , , , , , , , , , 
1026,0.26,0.55,0.0,0.47,0.01,0.7,0.41,0.2,0.87,0.22,0.31
1027,0.69,0.11,0.0,0.51,0.05,0.58,0.16,0.41,0.71,0.03,0.14
1028,0.36,0.48,0.0,0.4,0.01,0.65,0.19,0.48,0.89,0.12,0.03
1029,0.48,0.41,0.0,0.09,0.01,0.55,0.48,0.63,0.9,0.06,0.01
1030,0.3,0.8,0.0,0.53,0.41,0.33,0.13,0.74,0.0,0.1,0.31
1031, , , , , , , , , , , 
1032,0.37,0.63,0.03,0.37,0.03,0.46,0.05,0.44,0.56,0.19,0.09
1033,0.25,0.09,0.0,0.48,0.02,0.72,0.27,0.21,0.72,0.17,0.11
1034,0.31,0.3,0.0,0.44,0.04,0.78,0.37,0.32,0.67,0.12,0.16
1035,0.37,0.71,0.0,0.58,0.02,0.61,0.17,0.48,0.91,0.25,0.26
1036,0.42,0.58,0.05,0.41,0.04,0.52,0.56,0.25,0.83,0.37,0.35
1037,0.74,0.37,0.0,0.6,0.02,0.23,0.85,0.14,0.88,0.19,0.04
1038, , , , , , , , , , , 
1039,0.16,0.65,0.0,0.46,0.01,0.59,0.27,0.29,0.81,0.92,0.24
1040,0.31,0.41,0.0,0.6,0.02,0.57,0.31,0.25,0.69,0.1,0.15
1041, , , , , , , , , , , 
1042,0.25,0.52,0.0,0.38,0.03,0.7,0.17,0.44,0.84,0.18,0.12
1043,0.34,0.54,0.03,0.67,0.57,0.3,0.29,0.36,0.55,0.14,0.75
1044,0.6,0.42,0.0,0.4,0.02,0.56,0.36,0.18,0.6,0.1,0.12
1045, , , , , , , , , , , 
1046, , , , , , , , , , , 
1047, , , , , , , , , , , 
1048,0.36,0.56,0.0,0.36,0.01,0.78,0.05,0.43,0.83,0.08,0.09
1049,0.77,0.74,0.06,0.57,0.02,0.48,0.39,0.98,0.88,0.23,0.25
1050,0.57,0.5,0.18,0.53,0.13,0.63,0.13,0.26,0.67,0.51,0.43
1051,0.5,0.35,0.0,0.44,0.03,0.71,1.0,0.25,0.49,0.12,0.1
1052,0.29,0.25,0.0,0.65,0.07,0.82,0.09,0.22,0.58,0.14,0.27
1053, , , , , , , , , , , 
1054, , , , , , , , , , , 
1055,0.42,0.41,0.0,0.45,0.04,0.32,0.34,0.44,0.72,0.05,0.05
1056,0.26,0.18,0.01,0.68,0.02,0.58,0.28,0.23,0.78,0.19,0.09
1057, , , , , , , , , , , 
1058,0.31,0.37,0.0,0.37,0.03,0.14,0.41,0.52,0.6,0.06,0.08
1059,0.63,0.47,0.0,0.41,0.02,0.87,0.28,0.5,0.9,0.5,0.03
1060,0.37,0.28,0.03,0.64,0.01,0.52,0.1,0.29,0.87,0.17,0.09
1061,0.53,0.44,0.0,0.57,0.01,0.91,0.23,0.44,0.89,0.08,0.03
1062, , , , , , , , , , , 
1063,0.35,0.52,0.0,0.57,0.04,0.75,0.14,0.34,0.78,0.13,0.06
1064,0.46,0.62,0.03,0.43,0.05,0.61,0.2,0.38,0.86,0.3,0.25
1065,0.47,0.2,0.05,0.68,0.09,0.72,0.44,0.25,0.8,0.12,0.63
1066,0.34,0.36,0.0,0.75,0.01,0.62,0.31,0.39,0.94,0.07,0.04
1067,0.56,0.56,0.0,0.18,0.01,0.43,0.26,0.55,0.77,0.08,0.03
1068, , , , , , , , , , , 
1069, , , , , , , , , , , 
1070,0.29,0.59,0.0,0.57,0.0,0.84,0.0,0.36,0.91,0.36,0.05
1071, , , , , , , , , , , 
1072,0.38,0.63,0.0,0.48,0.0,0.77,0.3,0.53,0.94,0.15,0.05
1073,0.28,0.58,0.02,0.55,0.12,0.51,0.39,0.43,0.72,0.21,0.03
1074, , , , , , , , , , , 
1075,0.32,0.39,0.0,0.53,0.01,0.87,0.06,0.33,0.88,0.06,0.05
1076, , , , , , , , , , , 
1077, , , , , , , , , , , 
1078,0.49,0.47,0.0,0.45,0.04,0.87,0.13,0.38,0.76,0.47,0.1
1079,0.49,0.37,0.0,0.49,0.01,0.97,0.07,0.36,0.96,0.23,0.03
1080, , , , , , , , , , , 
1081,0.49,0.43,0.03,0.19,0.04,0.93,0.19,0.22,0.72,0.19,0.6
1082,0.15,0.32,0.0,0.46,0.02,0.6,0.11,0.38,0.79,0.12,0.67
1083,0.34,0.54,0.01,0.21,0.01,0.61,0.93,0.26,0.78,0.17,0.68
1084,0.56,0.63,0.0,0.36,0.02,0.82,0.16,0.5,0.62,0.03,0.06
1085,0.29,0.73,0.0,0.38,0.02,0.18,0.32,0.42,0.74,0.13,0.07
1086,0.36,0.37,0.0,0.67,0.02,0.81,1.0,0.36,0.67,0.15,0.24
1087,0.32,0.34,0.0,0.85,0.0,0.64,0.27,0.3,0.96,0.18,0.03
1088, , , , , , , , , , , 
1089,0.64,0.43,0.0,0.38,0.0,0.8,0.21,1.0,0.98,0.16,0.04
1090, , , , , , , , , , , 
1091, , , , , , , , , , , 
1092,0.32,0.66,0.05,0.44,0.05,0.36,0.16,0.32,0.88,0.18,0.39
1093,0.23,0.65,0.0,0.33,0.02,0.15,0.55,0.47,0.75,0.04,0.18
1094,0.67,0.39,0.0,0.37,0.01,0.3,0.35,0.19,0.88,0.16,0.16
1095,0.51,0.28,0.0,0.87,0.01,0.61,0.26,0.27,0.9,0.15,0.02
1096,0.28,0.68,0.0,0.49,0.03,0.73,0.15,0.22,0.84,0.38,0.27
1097, , , , , , , , , , , 
1098, , , , , , , , , , , 
1099, , , , , , , , , , , 
1100,0.53,0.85,0.0,0.5,0.1,0.0,0.4,0.62,0.13,0.29,0.14
1101, , , , , , , , , , , 
1102,0.75,0.54,0.0,0.44,0.01,0.81,0.11,0.62,0.83,0.23,0.06
1103,0.7,0.49,0.0,0.48,0.01,0.52,0.64,0.34,0.86,0.02,0.15
1104,0.43,0.38,0.03,0.34,0.2,0.71,0.55,0.2,0.45,0.22,0.31
1105,0.51,0.61,0.0,0.63,0.02,0.52,0.31,0.3,0.81,0.05,0.17
1106,0.69,0.3,0.03,0.61,0.05,0.57,0.28,0.27,0.73,0.08,0.09
1107,0.15,0.46,0.0,0.64,0.01,0.66,0.33,0.21,0.79,0.12,0.26
1108,0.37,0.18,0.0,0.6,0.01,0.34,0.23,0.29,0.85,0.06,0.06
1109,0.13,0.71,0.0,0.33,0.04,0.74,0.27,0.14,0.61,1.0,0.61
1110,0.83,0.41,0.0,0.63,0.02,0.05,0.14,0.46,0.78,0.09,0.29
1111,0.24,0.27,0.0,0.63,0.02,0.81,0.17,0.28,0.69,0.15,0.16
1112,0.32,0.16,0.0,0.76,0.03,0.58,0.31,0.42,0.82,0.27,0.11
1113, , , , , , , , , , , 
1114,0.7,0.53,0.0,0.4,0.0,0.73,0.22,0.63,0.95,0.05,0.05
1115,0.97,0.42,0.01,0.35,0.03,0.1,0.5,0.24,0.9,0.29,0.09
1116, , , , , , , , , , , 
1117,0.68,0.48,0.0,0.78,0.02,0.48,0.14,0.5,0.75,0.28,0.09
1118, , , , , , , , , , , 
1119,0.97,0.41,0.0,0.55,0.01,0.67,0.31,0.59,0.94,0.74,0.07
1120,0.77,0.3,0.0,0.28,0.05,0.51,0.23,0.36,0.59,0.07,0.55
1121,0.34,0.64,0.0,0.69,0.33,0.57,0.19,0.71,0.02,0.27,0.58
1122, , , , , , , , , , , 
1123,0.29,0.58,0.0,0.51,0.17,0.54,0.11,0.43,0.48,0.33,0.14
1124,0.23,0.48,0.06,0.64,0.1,0.68,0.16,0.35,0.75,0.13,0.52
1125, , , , , , , , , , , 
1126, , , , , , , , , , , 
1127, , , , , , , , , , , 
1128,0.64,0.39,0.0,0.55,0.01,0.44,0.15,0.53,0.84,0.22,0.01
1129,0.5,0.34,0.0,0.5,0.03,0.51,0.38,0.25,0.47,0.07,0.54
1130,0.84,0.32,0.0,0.17,0.02,0.38,0.78,0.14,0.55,0.18,0.12
1131, , , , , , , , , , , 
1132, , , , , , , , , , , 
1133, , , , , , , , , , , 
1134,0.48,0.4,0.0,0.68,0.02,0.69,0.15,0.28,0.74,0.33,0.82
1135,0.51,0.13,0.0,0.58,0.01,0.79,0.05,0.44,0.88,0.22,0.04
1136,0.3,0.65,0.01,0.52,0.03,0.72,0.39,0.22,0.68,0.03,0.01
1137, , , , , , , , , , , 
1138,0.99,0.54,0.0,0.37,0.02,0.55,0.35,0.61,0.89,0.25,0.15
1139,0.36,0.86,0.0,0.86,0.02,0.33,0.15,0.55,0.77,0.25,0.13
1140, , , , , , , , , , , 
1141, , , , , , , , , , , 
1142,0.52,0.64,0.05,0.36,0.07,0.73,0.18,0.38,0.68,0.39,0.1
1143, , , , , , , , , , , 
1144,0.52,0.54,0.0,0.9,0.01,0.9,0.24,0.76,0.89,0.06,0.18
1145,0.56,0.23,0.02,0.49,0.04,0.82,0.24,0.29,0.65,0.14,1.0
1146,0.4,0.6,0.04,0.48,0.07,0.8,0.22,0.37,0.76,0.42,0.12
1147,0.6,0.18,0.0,0.55,0.01,0.79,0.18,0.52,0.94,0.22,0.08
1148, , , , , , , , , , , 
1149,0.43,0.38,0.0,0.47,0.05,0.52,1.0,0.19,0.22,0.08,0.1
1150,0.4,0.64,0.0,0.44,0.03,0.87,0.29,0.46,0.9,0.2,0.12
1151, , , , , , , , , , , 
1152,0.18,0.53,0.0,0.14,0.02,0.95,0.29,0.12,0.58,0.29,0.33
1153,0.45,0.24,0.0,0.33,0.01,0.86,0.11,0.27,0.93,0.09,0.04
1154, , , , , , , , , , , 
1155, , , , , , , , , , , 
1156,0.29,0.57,0.0,0.44,0.12,0.73,0.22,0.6,0.85,0.54,0.26
1157,0.46,0.16,0.0,0.62,0.02,0.77,0.27,0.23,0.75,0.1,0.22
1158,0.51,0.4,0.0,0.47,0.02,0.65,1.0,0.17,0.59,0.16,0.07
1159,0.51,0.32,0.0,0.4,0.03,0.56,0.05,0.26,0.44,0.08,0.87
1160,0.3,0.2,0.01,0.71,0.04,0.71,0.19,0.25,0.68,0.14,1.0
1161,0.29,0.39,0.0,0.45,0.02,0.68,0.16,0.17,0.74,0.08,0.28
1162, , , , , , , , , , , 
1163,0.56,0.34,0.67,0.47,1.0,0.82,0.09,0.37,0.63,0.76,1.0
1164,0.24,0.49,0.0,0.62,0.01,0.85,0.69,0.25,0.87,0.12,0.63
1165, , , , , , , , , , , 
1166,0.56,0.52,0.0,0.7,0.04,0.83,0.37,0.34,0.68,0.04,0.12
1167,0.21,0.39,0.0,0.52,0.01,0.71,0.13,0.29,0.83,0.33,0.06
1168, , , , , , , , , , , 
1169,0.28,0.51,0.0,0.55,0.02,0.84,0.25,0.14,0.85,0.13,0.04
1170,0.56,0.54,0.0,0.32,0.05,0.49,0.27,0.68,0.72,0.18,0.1
1171,0.36,0.32,0.0,0.47,0.02,0.82,0.56,0.42,0.86,0.06,0.03
1172,0.41,0.59,0.12,0.3,0.15,0.48,0.37,0.32,0.83,0.46,0.34
1173,0.44,0.35,0.0,0.55,0.02,0.72,0.15,0.23,0.69,0.13,0.39
1174,0.37,0.61,0.04,0.66,0.05,0.28,0.09,0.36,0.63,0.14,0.16
1175, , , , , , , , , , , 
1176,0.5,0.49,0.0,0.58,0.04,0.72,0.29,0.27,0.67,0.03,0.03
1177,0.56,0.18,0.02,0.36,0.03,0.65,0.23,0.18,0.59,0.12,0.17
1178, , , , , , , , , , , 
1179,1.0,0.26,0.06,0.48,0.01,0.0,0.41,0.09,0.82,0.26,0.1
1180, , , , , , , , , , , 
1181, , , , , , , , , , , 
1182,0.41,0.49,0.25,0.57,0.79,0.64,0.14,0.35,0.52,0.21,1.0
1183,0.16,0.7,0.0,0.37,0.03,0.82,0.18,0.11,0.89,0.88,0.25
1184,0.79,0.27,0.0,0.79,0.01,0.67,0.13,0.17,0.8,0.22,0.0
1185, , , , , , , , , , , 
1186,0.49,0.32,0.0,0.83,0.01,0.52,0.38,0.31,0.9,0.12,0.03
1187,0.54,0.41,0.0,0.27,0.02,0.36,0.46,1.0,0.85,0.12,0.04
1188,0.52,0.28,0.05,0.36,0.32,0.91,0.11,0.2,0.45,0.19,0.89
1189,0.27,0.83,0.07,0.57,0.02,0.72,0.34,0.26,0.83,0.44,0.62
1190,0.34,0.26,0.01,0.58,0.07,0.86,0.12,0.27,0.85,0.46,0.34
1191, , , , , , , , , , , 
1192, , , , , , , , , , , 
1193,0.48,0.7,0.0,0.28,0.01,0.23,0.18,0.97,0.83,0.06,0.03
1194,0.43,0.43,0.0,0.66,0.02,0.59,0.1,0.36,0.74,0.14,0.23
1195,0.45,0.41,0.3,0.45,0.73,0.79,0.11,0.28,0.8,0.55,0.4
1196, , , , , , , , , , , 
1197,0.28,0.54,0.0,0.45,0.16,0.22,0.35,0.58,0.75,0.16,0.13
1198,0.62,0.15,0.0,0.42,0.03,0.79,0.39,0.23,0.65,0.1,0.43
1199, , , , , , , , , , , 
1200, , , , , , , , , , , 
1201,0.6,0.64,0.01,0.35,0.04,0.8,0.22,0.57,0.77,0.08,0.02
1202, , , , , , , , , , , 
1203,0.55,0.44,0.0,0.27,0.01,0.21,0.55,0.75,0.85,0.05,0.03
1204,0.33,0.65,0.01,0.46,0.04,0.47,0.0,0.2,0.7,0.81,1.0
1205, , , , , , , , , , , 
1206,0.43,0.6,0.0,0.35,0.02,0.19,0.53,0.54,0.55,0.06,0.16
1207,0.48,0.39,0.0,0.64,0.01,0.8,0.33,0.56,0.92,0.08,0.05
1208,0.4,0.56,0.0,0.5,0.61,0.5,0.27,0.62,0.28,0.06,0.1
1209, , , , , , , , , , , 
1210,0.63,0.3,0.02,0.55,0.04,0.64,0.38,0.13,0.61,0.14,0.19
1211,0.25,0.37,0.0,0.67,0.01,0.68,0.13,0.26,0.91,0.28,0.02
1212,1.0,0.23,0.0,0.37,0.01,0.06,0.29,0.32,0.84,0.13,0.15
1213, , , , , , , , , , , 
1214,0.3,0.79,0.0,0.27,0.05,0.68,0.19,0.47,0.54,0.03,0.04
1215,0.39,0.34,0.0,0.46,0.01,0.84,0.44,0.41,0.76,0.17,0.16
1216, , , , , , , , , , , 
1217, , , , , , , , , , , 
1218,0.29,0.64,0.15,0.51,0.12,0.8,0.14,0.23,0.83,1.0,0.65
1219, , , , , , , , , , , 
1220,0.26,0.11,0.0,0.58,0.01,0.85,0.25,0.2,0.79,0.18,0.07
1221,0.32,0.13,0.01,0.38,0.08,0.61,0.25,0.35,0.71,0.09,0.22
1222,0.27,0.58,0.0,0.5,0.04,0.83,0.15,0.42,0.93,0.65,0.41
1223,0.51,0.53,0.04,0.57,0.02,0.52,0.22,0.67,0.82,0.46,0.33
1224,0.54,0.47,0.04,0.51,0.09,0.15,0.27,0.38,0.44,0.08,0.31
1225,0.42,0.54,0.0,0.59,0.09,0.72,0.12,0.37,0.82,0.2,0.17
1226,0.17,0.41,0.0,0.59,0.01,0.53,0.26,0.23,0.82,0.06,0.05
1227,0.13,0.37,0.0,0.8,0.02,0.7,0.18,0.23,0.78,0.13,0.36
1228,0.64,0.43,0.0,0.28,0.02,0.67,0.44,0.15,0.95,0.31,0.03
1229, , , , , , , , , , , 
1230,0.27,0.08,0.0,0.39,0.02,0.63,0.06,0.26,0.9,0.12,0.11
1231, , , , , , , , , , , 
1232,0.47,0.46,0.01,0.83,0.01,0.54,0.1,0.4,0.86,0.54,0.29
1233,0.38,0.58,0.0,0.51,0.02,0.77,0.35,0.53,0.94,0.52,0.37
1234, , , , , , , , , , , 
1235,0.43,0.49,0.01,0.33,0.02,0.38,0.57,0.26,0.84,0.33,0.27
1236, , , , , , , , , , , 
1237,0.23,0.57,0.0,0.74,0.11,0.2,0.26,0.34,0.57,0.11,0.12
1238,0.31,0.66,0.0,0.39,0.01,0.0,0.33,0.22,0.9,0.19,0.04
1239,0.51,0.53,0.68,0.52,1.0,0.58,0.25,0.43,0.5,0.25,0.43
1240,0.4,0.49,0.0,0.39,0.03,0.7,0.28,0.25,0.89,0.31,0.05
1241, , , , , , , , , , , 
1242,0.41,0.54,0.0,0.34,0.02,0.72,0.38,0.24,0.61,0.03,0.44
1243,0.68,0.7,0.13,0.4,0.15,0.7,0.2,0.68,0.8,0.48,0.53
1244,0.47,0.52,0.0,0.68,0.04,0.45,0.19,0.44,0.77,0.23,0.11
1245,0.36,0.56,0.0,0.55,0.03,0.61,0.18,0.31,0.73,0.4,0.25
1246,0.41,0.75,0.0,0.66,0.63,0.37,0.14,0.53,0.0,0.19,0.12
1247,0.41,0.54,0.0,0.47,0.02,0.56,0.14,0.53,0.75,0.06,0.13
1248,0.25,0.36,0.02,0.2,0.04,0.52,0.07,0.26,0.58,0.08,0.43
1249, , , , , , , , , , , 
1250,0.23,0.49,0.0,0.7,0.06,0.64,0.34,0.36,0.74,0.21,0.11
1251,0.42,0.54,0.18,0.48,0.61,0.46,0.39,0.53,0.49,0.01,0.36
1252,0.46,0.49,0.0,0.44,0.04,0.62,0.09,0.3,0.61,0.14,0.91
1253,0.39,0.73,0.05,0.25,0.13,0.47,0.21,0.59,0.42,1.0,0.32
1254,0.42,0.68,0.0,0.23,0.09,0.5,0.48,0.41,0.0,0.03,0.22
1255, , , , , , , , , , , 
1256, , , , , , , , , , , 
1257, , , , , , , , , , , 
1258, , , , , , , , , , , 
1259, , , , , , , , , , , 
1260,0.78,0.59,0.0,0.39,0.01,0.88,0.41,1.0,0.9,0.19,0.83
1261,0.26,0.58,0.0,0.55,0.02,0.25,0.55,0.61,0.75,0.1,0.02
1262,0.26,0.52,0.0,0.24,0.03,0.67,0.44,0.58,0.57,0.2,0.11
1263,0.58,0.41,0.0,0.42,0.1,0.53,0.53,0.42,0.64,0.05,0.07
1264,0.3,0.46,0.0,0.7,0.01,0.62,0.41,0.31,0.89,0.06,0.08
1265,0.43,0.41,0.0,0.4,0.02,0.6,0.4,0.23,0.7,0.13,0.09
1266,0.11,0.75,0.11,0.54,0.18,0.62,0.18,0.18,0.84,0.91,0.45
1267,0.49,0.49,0.0,0.45,0.01,0.68,0.33,0.42,0.88,0.06,0.08
1268,0.36,0.76,0.0,0.5,0.15,0.33,0.11,0.45,0.62,0.28,0.12
1269,0.4,0.54,0.06,0.44,0.05,0.57,0.15,0.57,0.9,0.25,0.06
1270,0.37,0.25,0.0,0.35,0.01,0.72,0.24,0.24,0.8,0.07,0.16
1271,1.0,0.09,0.0,0.49,0.01,0.0,0.57,0.14,0.95,0.29,0.09
1272,0.34,0.65,0.03,0.31,0.18,0.57,0.16,0.36,0.63,0.09,0.5
1273,0.31,0.41,0.04,0.53,0.16,0.42,0.21,0.29,0.55,0.17,0.6
1274,0.59,0.49,0.01,0.31,0.01,0.45,0.2,0.83,0.91,0.32,0.02
1275, , , , , , , , , , , 
1276, , , , , , , , , , , 
1277,0.25,0.63,0.08,0.44,0.11,0.63,0.16,0.37,0.82,0.21,0.46
1278,0.4,0.2,0.0,0.55,0.02,0.81,1.0,0.21,0.68,0.1,0.17
1279,0.45,0.56,0.48,0.2,0.23,0.53,0.11,0.26,0.71,0.25,1.0
1280,0.73,0.55,0.31,0.36,0.07,0.69,0.23,0.91,0.85,0.23,0.1
1281,0.47,0.1,0.0,0.24,0.02,0.8,0.05,0.16,0.69,0.31,0.02
1282,0.53,0.15,0.0,0.3,0.06,0.5,0.36,0.27,0.74,0.17,0.16
1283, , , , , , , , , , , 
1284, , , , , , , , , , , 
1285,0.36,0.46,0.0,0.49,0.01,0.82,0.21,0.37,0.86,0.32,0.06
1286,0.32,0.46,0.0,0.58,0.03,0.94,0.07,0.23,0.61,0.06,0.32
1287,0.26,0.57,0.0,0.56,0.05,0.43,0.19,0.36,0.56,0.02,0.1
1288,0.41,0.28,0.02,0.6,0.12,0.75,0.15,0.3,0.66,0.13,0.42
1289,0.53,0.43,0.0,0.8,0.03,0.86,0.43,0.45,0.71,0.17,0.2
1290,0.37,0.25,0.0,0.71,0.03,0.74,0.13,0.31,0.75,0.3,0.22
1291, , , , , , , , , , , 
1292, , , , , , , , , , , 
1293,0.39,0.65,0.12,0.42,0.16,0.75,0.09,0.29,0.63,0.63,0.73
1294,0.71,0.33,0.0,0.66,0.02,0.73,0.29,0.53,0.83,0.33,0.05
1295, , , , , , , , , , , 
1296, , , , , , , , , , , 
1297,0.72,0.56,0.0,0.51,0.01,0.77,0.4,0.54,0.82,0.38,0.73
1298,0.62,0.53,0.0,0.6,0.03,0.81,0.19,0.65,0.7,0.03,0.02
1299,0.25,0.74,0.04,0.54,0.12,0.49,0.29,0.53,0.88,0.19,0.2
1300, , , , , , , , , , , 
1301, , , , , , , , , , , 
1302,0.44,0.16,0.0,0.61,0.03,0.58,0.31,0.41,0.68,0.08,0.23
1303, , , , , , , , , , , 
1304,0.35,0.7,0.0,0.35,0.01,0.72,0.24,0.47,0.9,0.42,0.03
1305,0.32,0.55,0.0,0.24,0.01,0.79,0.24,0.52,0.84,0.08,0.04
1306, , , , , , , , , , , 
1307,0.32,0.35,0.03,0.78,0.05,0.63,0.12,0.29,0.75,0.15,0.85
1308,0.33,0.59,0.0,0.63,0.01,0.72,0.2,0.34,0.79,0.19,0.21
1309,0.37,0.61,0.0,0.54,0.44,0.71,0.27,0.34,0.0,0.06,0.12
1310,0.32,0.23,0.0,0.72,0.0,0.78,0.2,0.31,0.94,0.21,0.14
1311, , , , , , , , , , , 
1312,0.21,0.79,0.0,0.63,0.01,0.28,0.3,0.47,0.92,0.23,0.1
1313,0.56,0.33,0.15,0.43,0.25,0.67,0.24,0.25,0.77,0.26,0.33
1314, , , , , , , , , , , 
1315,0.55,0.44,0.0,0.57,0.0,0.91,0.47,0.37,0.92,0.04,0.22
1316,0.53,0.35,0.0,0.52,0.03,0.74,0.31,0.35,0.62,0.11,0.34
1317,0.42,0.47,0.01,0.0,0.0,0.82,0.19,0.58,0.98,0.2,0.17
1318,0.28,0.61,0.0,0.84,0.11,0.4,0.19,0.35,0.13,0.18,0.77
1319,0.1,0.34,0.0,0.52,0.03,0.53,0.14,0.23,0.59,0.16,0.56
1320,0.82,0.29,0.0,0.43,0.02,0.0,0.83,0.15,0.66,0.15,0.09
1321,0.3,0.83,0.05,0.56,0.01,0.72,0.39,0.37,0.93,0.26,0.33
1322,0.3,0.79,0.0,0.45,0.04,0.44,0.37,0.36,0.77,0.03,0.03
1323,0.36,0.58,0.0,0.34,0.01,0.74,0.15,0.47,0.9,0.88,0.06
1324,0.33,0.14,0.0,0.46,0.05,0.79,0.22,0.17,0.7,0.36,0.09
1325,0.62,0.27,0.02,0.34,0.06,0.84,0.07,0.19,0.58,0.24,0.46
1326, , , , , , , , , , , 
1327,0.69,0.36,0.0,0.72,0.02,0.45,0.03,0.38,0.79,0.08,0.08
1328, , , , , , , , , , , 
1329,0.52,0.49,0.0,0.54,0.08,0.5,0.16,0.46,0.56,0.1,0.06
1330,0.48,0.69,0.01,0.36,0.05,0.77,0.24,0.45,0.47,0.43,0.04
1331,0.37,0.51,0.0,0.46,0.06,0.21,0.28,0.2,0.44,0.16,0.15
1332, , , , , , , , , , , 
1333,0.31,0.47,0.03,0.39,0.06,0.83,0.14,0.23,0.76,0.48,0.15
1334,0.23,0.32,0.05,0.56,0.06,0.8,0.23,0.3,0.8,0.15,0.61
1335,0.54,0.22,0.0,0.31,0.02,0.67,0.39,0.3,0.91,0.29,0.06
1336,0.25,0.46,0.0,0.6,0.07,0.41,0.29,0.49,0.74,0.37,0.08
1337,0.63,0.19,0.0,0.65,0.06,0.47,0.41,0.25,0.67,0.12,0.14
1338, , , , , , , , , , , 
1339,0.53,0.18,0.0,0.68,0.01,0.53,0.66,0.37,0.89,0.08,0.09
1340, , , , , , , , , , , 
1341, , , , , , , , , , , 
1342, , , , , , , , , , , 
1343,0.24,0.32,0.0,0.36,0.01,0.3,0.16,0.31,0.79,0.11,0.2
1344, , , , , , , , , , , 
1345, , , , , , , , , , , 
1346,0.22,0.47,0.0,0.24,0.03,0.8,0.12,0.42,0.7,0.33,0.07
1347,0.56,0.21,0.0,0.53,0.02,0.7,0.44,0.22,0.76,0.1,0.19
1348,0.53,0.47,0.0,0.0,0.01,0.62,0.07,1.0,0.89,0.22,0.01
1349,0.61,0.49,0.05,0.75,0.4,0.77,0.3,0.47,0.61,0.15,0.59
1350,0.45,0.62,0.1,0.38,0.25,0.46,0.22,0.36,0.77,0.24,0.68
1351,0.42,0.65,0.0,0.35,0.01,0.85,0.18,0.49,0.91,0.58,0.06
1352, , , , , , , , , , , 
1353,0.61,0.34,0.0,0.7,0.03,0.63,0.57,0.24,0.61,0.15,0.06
1354,0.29,0.41,0.0,0.59,0.04,0.45,0.18,0.5,0.79,0.21,0.06
1355, , , , , , , , , , , 
1356,0.2,0.72,0.0,0.72,0.01,0.53,0.45,0.41,0.87,0.06,0.04
1357,0.53,0.69,0.0,0.69,0.02,0.84,0.27,0.26,0.7,0.02,0.04
1358,0.51,0.59,0.0,0.41,0.01,0.81,0.4,1.0,0.93,0.2,0.07
1359,0.38,0.53,0.0,0.54,0.08,0.7,0.66,0.34,0.7,0.01,0.38
1360,0.43,0.54,0.02,0.52,0.07,0.73,0.46,0.47,0.36,0.06,0.07
1361, , , , , , , , , , , 
1362,0.5,0.27,0.02,0.61,0.08,0.79,0.11,0.33,0.64,0.1,0.18
1363,0.44,0.42,0.0,0.23,0.01,0.69,0.2,0.57,0.87,0.08,0.02
1364,0.42,0.44,0.08,0.72,0.29,0.58,0.19,0.46,0.73,0.19,0.36
1365, , , , , , , , , , , 
1366,0.41,0.35,0.0,0.61,0.03,0.79,0.19,0.24,0.88,0.25,0.16
1367,0.18,0.35,0.0,0.75,0.01,0.66,0.54,0.27,0.83,0.03,0.02
1368,0.46,0.68,0.0,0.71,0.11,0.75,0.09,0.31,0.64,1.0,1.0
1369,0.17,0.74,0.02,0.44,0.02,0.56,0.07,0.29,0.85,0.82,0.41
1370,0.54,0.49,0.0,0.26,0.05,0.79,0.58,0.01,0.02,0.24,0.12
1371,0.55,0.41,0.0,0.5,0.08,0.78,0.1,0.37,0.8,0.9,0.05
1372,0.41,0.67,0.01,0.32,0.03,0.1,0.1,0.2,0.8,0.37,0.45
1373,0.77,0.22,0.0,0.53,0.01,0.49,0.28,0.32,0.89,0.2,0.15
1374,0.33,0.23,0.01,0.72,0.01,0.56,0.21,0.35,0.89,0.18,0.1
1375,0.37,0.47,0.0,0.44,0.03,0.69,0.26,0.24,0.64,0.08,0.12
1376, , , , , , , , , , , 
1377,0.38,0.63,0.0,0.57,0.01,0.81,0.21,0.37,0.84,0.05,0.13
1378,0.34,0.66,0.0,0.48,0.02,0.75,0.17,0.44,0.88,0.53,0.16
1379,0.29,0.71,0.01,0.43,0.03,0.61,0.05,0.44,0.61,1.0,0.24
1380,0.44,0.32,0.0,0.42,0.04,0.63,0.18,0.3,0.66,0.22,0.39
1381,0.34,0.13,0.06,0.69,0.4,0.74,0.2,0.28,0.6,0.23,0.23
1382,0.34,0.15,0.01,0.51,0.07,0.83,0.23,0.27,0.51,0.14,0.45
1383, , , , , , , , , , , 
1384, , , , , , , , , , , 
1385,0.44,0.54,0.0,0.64,0.03,0.42,0.13,0.43,0.88,0.21,0.13
1386,0.26,0.65,0.01,0.38,0.04,0.56,0.32,0.31,0.78,0.28,0.19
1387,0.33,0.2,0.0,0.4,0.0,0.86,0.23,0.3,0.97,0.26,0.05
1388,0.32,0.34,0.0,0.43,0.04,0.72,1.0,0.2,0.36,0.08,0.19
1389, , , , , , , , , , , 
1390, , , , , , , , , , , 
1391, , , , , , , , , , , 
1392, , , , , , , , , , , 
1393, , , , , , , , , , , 
1394,0.48,0.09,0.0,0.42,0.01,0.9,0.11,0.31,0.9,0.07,0.02
1395,0.42,0.4,0.0,0.89,0.03,0.65,1.0,0.18,0.69,0.11,0.07
1396,0.39,0.18,0.01,0.3,0.07,0.89,0.1,0.21,0.82,0.25,0.13
1397,0.58,0.57,0.01,0.53,0.04,0.79,0.18,0.39,0.88,0.59,0.32
1398, , , , , , , , , , , 
1399,0.49,0.35,0.0,0.63,0.04,0.43,0.63,0.55,0.81,0.15,0.06
1400,1.0,0.25,0.01,0.52,0.02,0.0,1.0,0.22,0.92,0.2,0.04
1401,0.46,0.49,0.01,0.89,0.01,0.76,0.64,0.31,0.89,0.21,0.03
1402,0.43,0.52,0.0,0.47,0.03,0.81,0.33,0.27,0.69,0.08,0.34
1403,0.27,0.05,0.0,0.53,0.02,0.81,0.26,0.18,0.76,0.17,0.12
1404,0.55,0.39,0.0,0.53,0.01,0.89,0.09,0.44,0.94,0.46,0.13
1405, , , , , , , , , , , 
1406, , , , , , , , , , , 
1407,0.61,0.61,0.0,0.46,0.01,0.65,0.16,0.72,0.93,0.47,0.19
1408,0.39,0.44,0.0,0.2,0.02,0.79,0.68,0.16,0.8,0.32,0.41
1409, , , , , , , , , , , 
1410,0.61,0.52,0.06,0.62,0.07,0.47,0.29,0.45,0.72,0.09,0.09
1411, , , , , , , , , , , 
1412,0.58,0.33,1.0,0.37,1.0,0.85,0.12,0.32,0.56,0.98,0.53
1413, , , , , , , , , , , 
1414,0.44,0.2,0.0,0.48,0.01,0.71,0.18,0.28,0.8,0.32,0.23
1415,0.26,0.49,0.0,0.66,0.03,0.61,0.12,0.28,0.78,0.33,0.14
1416,0.0,1.0,0.0,0.28,0.01,0.79,0.19,0.09,0.92,1.0,0.36
1417,0.33,0.68,0.03,0.51,0.02,0.66,0.0,0.31,0.76,0.23,0.27
1418,0.33,0.43,0.0,0.51,0.04,0.55,0.23,0.55,0.83,0.31,0.09
1419,0.4,0.5,0.0,0.41,0.01,0.72,0.7,0.4,0.85,0.05,0.07
1420, , , , , , , , , , , 
1421,0.36,0.89,0.05,0.73,0.07,0.63,0.17,0.55,0.81,0.29,0.3
1422, , , , , , , , , , , 
1423,0.49,0.47,0.04,0.52,0.13,0.66,0.15,0.27,0.43,0.15,0.16
1424,0.5,0.14,0.01,0.48,0.07,0.72,0.17,0.2,0.68,0.18,0.07
1425, , , , , , , , , , , 
1426,0.28,0.68,0.0,0.22,0.01,0.51,0.22,0.45,0.84,1.0,0.05
1427,0.5,0.73,0.0,0.34,0.05,0.0,0.18,0.82,0.5,0.1,0.07
1428, , , , , , , , , , , 
1429,0.31,0.59,0.0,0.27,0.01,0.77,0.17,0.51,0.89,0.09,0.04
1430,0.69,0.34,0.0,0.55,0.02,0.73,0.18,0.51,0.8,0.25,0.03
1431, , , , , , , , , , , 
1432,0.25,0.47,0.0,0.4,0.03,0.71,0.1,0.16,0.53,0.19,0.25
1433,0.37,0.31,0.0,0.57,0.03,0.84,0.15,0.21,0.83,0.49,0.12
1434,0.38,0.58,0.0,0.38,0.04,0.68,0.17,0.35,0.87,0.67,0.37
1435, , , , , , , , , , , 
1436,0.31,0.61,0.03,0.3,0.14,0.64,0.1,0.21,0.59,0.84,0.88
1437, , , , , , , , , , , 
1438,0.44,0.18,0.0,0.46,0.05,0.87,0.14,0.15,0.67,0.21,0.32
1439,0.29,0.41,0.04,0.56,0.17,0.2,0.24,0.42,0.39,0.18,0.35
1440,0.35,0.29,0.0,0.26,0.05,0.57,0.36,0.28,0.46,0.09,0.14
1441,0.95,0.43,0.11,0.63,0.05,0.59,0.33,0.82,0.89,0.38,0.11
1442, , , , , , , , , , , 
1443,0.3,0.67,0.0,0.48,0.0,0.76,0.38,0.41,0.91,0.06,0.09
1444,0.31,0.11,0.0,0.72,0.02,0.73,0.4,0.4,0.83,0.1,0.32
1445,0.45,0.41,0.01,0.66,0.05,0.75,0.15,0.27,0.65,0.18,0.76
1446,0.54,0.53,0.0,0.39,0.02,0.66,0.15,0.66,0.9,0.16,0.06
1447, , , , , , , , , , , 
1448,0.65,0.88,0.06,0.65,0.04,0.3,0.24,0.25,0.76,0.67,0.62
1449,0.75,0.61,0.0,0.16,0.03,0.51,0.66,1.0,0.77,0.5,0.06
1450,0.46,0.27,0.0,0.54,0.01,0.89,0.19,0.34,0.94,0.09,0.09
1451, , , , , , , , , , , 
1452, , , , , , , , , , , 
1453, , , , , , , , , , , 
1454,0.52,0.41,0.04,0.05,0.07,0.65,0.38,1.0,0.79,0.1,0.02
1455,0.29,0.3,0.03,0.37,0.07,0.77,0.14,0.22,0.68,0.3,0.26
1456,0.38,0.72,0.03,0.42,0.07,0.67,0.1,0.37,0.83,0.9,0.22
1457, , , , , , , , , , , 
1458,0.47,0.37,0.06,0.91,0.09,0.61,0.72,0.28,0.85,0.19,0.18
1459,0.2,0.63,0.03,0.5,0.08,0.62,0.2,0.36,0.9,0.67,0.25
1460,0.43,0.54,0.0,0.58,0.02,0.65,0.18,0.41,0.89,0.25,0.09
1461,0.26,0.61,0.0,0.24,0.02,0.0,0.3,0.15,0.72,0.11,0.11
1462,0.21,0.58,0.0,0.63,0.04,0.48,0.16,0.3,0.7,0.57,0.18
1463,0.52,0.5,0.04,0.7,0.02,0.28,0.42,0.22,0.75,0.22,0.15
1464,0.36,0.42,0.0,0.77,0.01,0.78,0.26,0.23,0.86,0.25,0.11
1465,0.25,0.6,0.0,0.5,0.04,0.45,0.08,0.19,0.48,0.18,0.4
1466,0.33,0.44,0.7,0.52,1.0,0.67,0.29,0.59,0.42,0.25,0.72
1467,0.39,0.31,0.0,0.62,0.04,0.71,0.8,0.17,0.53,0.13,0.32
1468,0.68,0.72,0.0,0.63,0.02,0.5,0.01,0.44,0.73,0.05,0.03
1469,0.46,0.73,0.0,0.39,0.02,0.4,0.44,0.58,0.9,0.04,0.01
1470,0.35,0.56,0.05,0.62,0.55,0.59,0.13,0.4,0.29,0.37,0.34
1471,0.28,0.56,0.0,0.57,0.03,0.81,0.07,0.31,0.81,0.04,0.05
1472, , , , , , , , , , , 
1473,0.53,0.32,0.01,0.5,0.13,0.71,0.45,0.15,0.43,0.15,0.31
1474,0.39,0.18,0.0,0.66,0.02,0.64,0.0,0.31,0.63,0.09,0.03
1475,0.39,0.36,0.12,0.58,0.63,0.69,0.37,0.35,0.64,0.22,0.36
1476, , , , , , , , , , , 
1477, , , , , , , , , , , 
1478,0.62,0.27,0.01,0.52,0.04,0.44,0.31,0.22,0.88,0.19,0.06
1479,0.47,0.56,0.02,0.48,0.03,0.63,0.38,0.28,0.89,0.29,0.17
1480,0.36,0.12,0.0,0.63,0.01,0.81,0.48,0.21,0.84,0.22,0.04
1481,0.41,0.66,0.03,0.6,0.09,0.75,0.17,0.35,0.67,0.13,0.24
1482, , , , , , , , , , , 
1483,1.0,0.28,0.0,0.42,0.03,0.0,0.49,0.16,0.78,0.15,0.05
1484, , , , , , , , , , , 
1485,0.39,0.41,0.0,0.7,0.01,0.59,0.37,0.28,0.83,0.18,0.11
1486,0.28,0.18,0.02,0.53,0.02,0.74,0.41,0.26,0.76,0.17,0.26
1487,0.33,0.56,0.0,0.58,0.0,0.52,0.29,0.56,0.93,0.71,0.15
1488,0.27,0.84,0.0,0.68,0.04,0.4,0.17,0.32,0.59,0.38,0.2
1489,0.3,0.53,0.0,0.66,0.01,0.93,0.22,0.43,0.83,0.06,0.09
1490, , , , , , , , , , , 
1491,0.51,0.42,0.0,0.42,0.04,0.84,0.39,0.05,0.5,0.19,0.22
1492, , , , , , , , , , , 
1493,0.42,0.25,0.0,0.75,0.05,0.65,0.34,0.18,0.6,0.15,0.24
1494,0.37,0.58,0.0,0.79,0.05,0.66,0.45,0.46,0.69,0.12,0.11
1495,0.72,0.04,0.0,0.51,0.02,0.4,0.6,0.23,0.9,0.1,0.05
1496, , , , , , , , , , , 
1497,0.64,0.39,0.0,0.1,0.01,0.66,0.31,0.91,0.87,0.27,0.04
1498,0.38,0.18,0.0,0.58,0.0,0.88,0.19,0.29,0.91,0.06,0.03
1499,0.11,0.46,0.0,0.76,0.21,0.48,0.09,0.45,0.0,0.15,0.14
1500,0.3,0.18,0.0,0.24,0.03,0.91,0.16,0.18,0.79,0.3,0.3
1501,0.3,0.22,0.0,0.62,0.04,0.62,0.1,0.3,0.79,0.16,0.07
1502,0.32,0.49,0.02,0.11,0.01,0.52,0.22,0.17,0.82,0.14,0.4
1503,0.31,0.6,0.0,0.6,0.03,0.67,0.15,0.55,0.89,0.54,0.16
1504,0.42,0.7,0.06,0.33,0.07,0.39,0.14,0.24,0.64,0.24,0.45
1505, , , , , , , , , , , 
1506,0.39,0.19,0.0,0.68,0.03,0.82,0.11,0.24,0.85,0.19,0.05
1507,0.48,0.52,0.0,0.47,0.06,0.0,0.29,0.15,0.44,0.21,0.17
1508, , , , , , , , , , , 
1509,0.42,0.57,0.0,0.27,0.0,0.87,0.14,0.51,0.95,0.28,0.04
1510,0.33,0.66,0.03,0.47,0.03,0.85,0.18,0.39,0.88,0.52,0.28
1511, , , , , , , , , , , 
1512,0.45,0.33,0.01,0.59,0.03,0.62,0.15,0.33,0.92,0.32,0.03
1513, , , , , , , , , , , 
1514,0.39,0.7,0.0,0.4,0.03,0.0,0.06,0.21,0.74,0.15,0.13
1515, , , , , , , , , , , 
1516,0.44,0.61,0.01,0.44,0.17,0.1,0.11,0.19,0.49,0.19,0.27
1517,0.53,0.22,0.02,0.59,0.12,0.79,0.21,0.29,0.59,0.11,0.61
1518,0.38,0.94,0.0,0.31,0.17,0.71,0.21,0.3,0.0,0.02,0.1
1519,0.27,0.87,0.01,0.52,0.03,0.37,0.33,0.32,0.88,0.47,0.4
1520,0.61,0.49,0.0,0.23,0.01,0.82,0.12,0.74,0.88,0.41,0.08
1521, , , , , , , , , , , 
1522, , , , , , , , , , , 
1523, , , , , , , , , , , 
1524,0.17,0.37,0.0,0.45,0.06,0.44,0.04,0.37,0.72,0.17,0.22
1525,0.31,0.42,0.0,0.73,0.01,0.54,0.23,0.3,0.93,0.46,0.2
1526,0.51,0.13,0.01,0.58,0.01,0.65,0.51,0.24,0.84,0.19,0.17
1527, , , , , , , , , , , 
1528, , , , , , , , , , , 
1529,0.23,0.16,0.0,0.84,0.02,0.83,0.77,0.15,0.7,0.11,0.41
1530,0.3,0.28,0.01,0.64,0.05,0.83,0.19,0.26,0.85,0.31,0.06
1531,0.29,0.34,0.0,0.49,0.07,0.89,0.19,0.18,0.57,0.26,0.14
1532,0.44,0.58,0.0,0.47,0.15,0.49,0.27,0.57,0.59,0.26,0.21
1533,0.31,0.7,0.0,0.69,0.19,0.52,0.34,0.33,0.0,0.09,0.23
1534,0.4,0.25,0.01,0.48,0.18,0.86,0.18,0.25,0.44,0.06,0.68
1535,0.23,0.59,0.0,0.61,0.04,0.6,0.24,0.42,0.72,0.09,0.09
1536, , , , , , , , , , , 
1537,0.57,0.51,0.14,0.33,0.42,0.54,0.21,0.28,0.5,0.73,0.38
1538, , , , , , , , , , , 
1539,0.38,0.46,0.04,0.73,0.01,0.92,0.63,0.5,0.91,0.05,0.03
1540,0.57,0.42,0.05,0.37,0.13,0.79,0.16,0.18,0.76,0.23,0.7
1541,0.36,0.7,0.0,0.3,0.11,0.41,0.03,0.14,0.0,0.09,0.7
1542,0.66,0.37,0.05,0.36,0.15,0.7,0.09,0.38,0.46,0.19,0.35
1543,0.56,0.48,0.26,0.52,1.0,0.56,0.2,0.24,0.53,0.22,0.4
1544,0.52,0.45,0.01,0.55,0.02,0.85,0.22,0.48,0.8,0.04,0.14
1545,0.54,0.24,0.0,0.4,0.01,0.84,0.19,0.35,0.94,0.19,0.02
1546,0.33,0.27,0.0,0.54,0.02,0.59,0.56,0.29,0.85,0.11,0.14
1547,0.18,0.75,0.0,0.08,0.04,0.4,0.17,0.21,0.83,0.09,0.16
1548,0.61,0.44,0.01,0.64,0.1,0.19,0.33,0.24,0.51,0.06,0.2
1549,0.24,0.51,0.0,0.33,0.03,0.67,0.22,0.2,0.5,0.06,0.32
1550,0.64,0.49,0.0,0.59,0.03,0.69,0.36,0.57,0.81,0.17,0.08
1551,0.44,0.35,0.0,0.33,0.04,0.65,0.63,0.23,0.32,0.13,0.31
1552,0.06,0.37,0.0,0.26,0.0,0.84,0.13,0.11,0.96,0.6,0.63
1553,0.35,0.46,0.0,0.06,0.03,0.99,0.53,0.04,0.43,0.12,0.17
1554,0.41,0.66,0.0,0.73,0.02,0.58,0.16,0.35,0.74,0.05,0.04
1555,0.87,0.31,0.01,0.63,0.09,0.47,0.17,0.3,0.79,0.14,0.51
1556, , , , , , , , , , , 
1557, , , , , , , , , , , 
1558,0.31,0.39,0.12,0.57,0.16,0.67,0.22,0.2,0.55,0.2,0.24
1559,0.29,0.21,0.0,0.65,0.02,0.59,0.28,0.24,0.83,0.14,0.16
1560, , , , , , , , , , , 
1561,0.29,0.29,0.0,0.71,0.03,0.77,0.46,0.19,0.49,0.1,0.04
1562, , , , , , , , , , , 
1563,0.49,0.3,0.02,0.51,0.05,0.71,0.24,0.26,0.54,0.08,0.39
1564,0.41,0.28,0.0,0.69,0.03,0.76,0.66,0.25,0.66,0.15,0.49
1565,0.42,0.38,0.02,0.51,0.04,0.5,0.21,0.47,0.62,0.12,0.21
1566, , , , , , , , , , , 
1567,0.25,0.86,0.01,0.2,0.16,0.23,0.22,0.24,0.58,0.2,0.55
1568,0.72,0.49,0.06,0.52,0.03,0.42,0.33,0.63,0.79,0.1,0.11
1569,0.38,0.46,0.0,0.43,0.12,0.21,0.29,0.23,0.68,0.09,0.47
1570,0.35,0.41,0.01,0.64,0.03,0.73,0.44,0.28,0.77,0.16,0.3
1571,0.29,0.46,0.0,0.32,0.02,0.69,0.13,0.32,0.88,0.11,0.16
1572,0.18,0.73,0.0,0.62,0.01,0.65,0.05,0.36,0.87,0.47,0.1
1573,0.82,0.22,0.01,0.26,0.02,0.08,0.22,0.14,0.81,0.28,0.16
1574,0.28,0.89,0.0,0.46,0.03,0.24,0.23,0.69,0.81,0.26,0.03
1575,0.3,0.17,0.0,0.51,0.03,0.67,0.48,0.3,0.66,0.05,0.23
1576,0.58,0.27,0.01,0.44,0.03,0.78,0.07,0.19,0.78,0.06,0.11
1577,0.7,0.42,0.0,0.43,0.01,0.0,0.59,0.47,0.81,0.04,0.0
1578, , , , , , , , , , , 
1579,0.16,0.27,0.0,0.06,0.05,0.79,0.06,0.17,0.05,0.08,0.24
1580,0.35,0.18,0.02,0.45,0.09,0.76,0.1,0.24,0.69,0.15,1.0
1581,0.26,0.6,0.0,0.67,0.04,0.73,0.07,0.28,0.46,0.23,0.71
1582,0.31,0.75,0.17,0.62,0.08,0.64,0.3,0.65,0.87,0.59,0.18
1583,0.46,0.2,0.0,0.66,0.03,0.8,0.38,0.26,0.57,0.16,0.25
1584,0.21,0.16,0.03,0.65,0.04,0.58,0.13,0.36,0.65,0.1,0.25
1585,0.33,0.38,0.31,0.6,0.61,0.59,0.17,0.51,0.74,0.19,0.74
1586, , , , , , , , , , , 
1587, , , , , , , , , , , 
1588, , , , , , , , , , , 
1589,0.44,0.46,0.0,0.71,0.03,0.79,0.39,0.3,0.74,0.13,0.4
1590, , , , , , , , , , , 
1591,0.42,0.63,0.05,0.59,0.25,0.44,0.12,0.3,0.39,0.16,0.86
1592, , , , , , , , , , , 
1593, , , , , , , , , , , 
1594,0.44,0.41,0.21,0.3,0.43,0.71,0.2,0.16,0.83,0.18,0.43
